Name,Type,Capacity,Speed,URL
USB Flash Drive Qumo Speedster 128Gb,USB 3.0,128 Гб,90 Мб/с,https://komp.1k.by/storage-usbflashdrives/qumo/Qumo_Speedster_128Gb-3678443.html
USB Flash Drive SmartBuy Glossy USB 3.0 128GB,USB 3.0,128 Гб,70 Мб/с,https://komp.1k.by/storage-usbflashdrives/smartbuy/SmartBuy_Glossy_USB_30_128GB-3680403.html
USB Flash Drive ADATA DashDrive UV150 128GB,USB 3.0,128 Гб,90 Мб/с,https://komp.1k.by/storage-usbflashdrives/adata/ADATA_DashDrive_UV150_128GB-1994869.html
USB Flash Drive Kingston DataTraveler Kyson 128GB,USB 3.2 Gen 1,128 Гб,200 Мб/с,https://komp.1k.by/storage-usbflashdrives/kingston/Kingston_DataTraveler_Kyson_128GB-4487936.html
USB Flash Drive SmartBuy Glossy 64GB,USB 2.0,64 Гб,,https://komp.1k.by/storage-usbflashdrives/smartbuy/SmartBuy_Glossy_64GB-736141.html
USB Flash Drive Silicon Power Marvel M01 128GB,USB 3.0,128 Гб,,https://komp.1k.by/storage-usbflashdrives/siliconpower/Silicon_Power_Marvel_M01_128GB-1466841.html
USB Flash Drive Transcend JetFlash 730 128Gb,USB 3.0,128 Гб,90 Мб/с,https://komp.1k.by/storage-usbflashdrives/transcend/Transcend_JetFlash_730_128Gb-1875033.html
USB Flash Drive Kingston DataTraveler SE9 G3 512GB DTSE9G3/512GB,USB 3.2 Gen 1,512 Гб,220 Мб/с,https://komp.1k.by/storage-usbflashdrives/kingston/Kingston_DataTraveler_SE9_G3_512GB_DTSE9G3512GB-4902867.html
USB Flash Drive Transcend JetFlash 930C 256Gb,USB 3.2 Gen 1/Type-C,256 Гб,420 Мб/с,https://komp.1k.by/storage-usbflashdrives/transcend/Transcend_JetFlash_930C_256Gb-4489120.html
USB Flash Drive SanDisk Ultra Dual Drive Luxe USB/Type-C 256GB,USB 3.1/USB Type-C,256 Гб,150 Мб/с,https://komp.1k.by/storage-usbflashdrives/sandisk/SanDisk_Ultra_Dual_Drive_Luxe_USBType_C_256GB-4488001.html
USB Flash Drive Kingston DataTraveler SE9 G3 128GB DTSE9G3/128GB,USB 3.2 Gen 1,128 Гб,220 Мб/с,https://komp.1k.by/storage-usbflashdrives/kingston/Kingston_DataTraveler_SE9_G3_128GB_DTSE9G3128GB-4902667.html
USB Flash Drive Kingston DataTraveler SE9 G3 256GB DTSE9G3/256GB,USB 3.2 Gen 1,256 Гб,220 Мб/с,https://komp.1k.by/storage-usbflashdrives/kingston/Kingston_DataTraveler_SE9_G3_256GB_DTSE9G3256GB-4902668.html
USB Flash Drive Kingston DataTraveler SE9 G3 64GB DTSE9G3/64GB,USB 3.2 Gen 1,64 Гб,220 Мб/с,https://komp.1k.by/storage-usbflashdrives/kingston/Kingston_DataTraveler_SE9_G3_64GB_DTSE9G364GB-4902669.html
USB Flash Drive ADATA C906 32GB,USB 2.0,32 Гб,,https://komp.1k.by/storage-usbflashdrives/adata/ADATA_C906_32GB-367743.html
USB Flash Drive SanDisk Ultra Dual Drive Luxe USB/Type-C 64GB,USB 3.1/USB Type-C,64 Гб,150 Мб/с,https://komp.1k.by/storage-usbflashdrives/sandisk/SanDisk_Ultra_Dual_Drive_Luxe_USBType_C_64GB-4489196.html
USB Flash Drive Sandisk Ultra Flair USB 3.0 128GB,USB 3.0,128 Гб,150 Мб/с,https://komp.1k.by/storage-usbflashdrives/sandisk/Sandisk_Ultra_Flair_USB_30_128GB-2331591.html
USB Flash Drive Kingston DataTraveler Micro USB 3.2 Gen 1 256GB,USB 3.2 Gen 2,256 Гб,200 Мб/с,https://komp.1k.by/storage-usbflashdrives/kingston/Kingston_DataTraveler_Micro_USB_32_Gen_1_256GB-4669968.html
USB Flash Drive ADATA UE800 256GB,USB 3.2 Gen 2 Type-C,256 Гб,1 000 Мб/с,https://komp.1k.by/storage-usbflashdrives/adata/ADATA_UE800_256GB-4786903.html
USB Flash Drive SanDisk Extreme PRO 512GB,USB 3.2 Gen 1,512 Гб,420 Мб/с,https://komp.1k.by/storage-usbflashdrives/sandisk/SanDisk_Extreme_PRO_512GB-4487991.html
USB Flash Drive Transcend JetFlash 730 64Gb,USB 3.0,64 Гб,90 Мб/с,https://komp.1k.by/storage-usbflashdrives/transcend/Transcend_JetFlash_730_64Gb-787465.html
USB Flash Drive ADATA DashDrive UV150 64GB,USB 3.0,64 Гб,90 Мб/с,https://komp.1k.by/storage-usbflashdrives/adata/ADATA_DashDrive_UV150_64GB-1351297.html
USB Flash Drive Transcend JetFlash 780 64Gb,USB 3.0,64 Гб,210 Мб/с,https://komp.1k.by/storage-usbflashdrives/transcend/Transcend_JetFlash_780_64Gb-777439.html
USB Flash Drive Transcend JetFlash 710 64Gb,USB 3.0,64 Гб,90 Мб/с,https://komp.1k.by/storage-usbflashdrives/transcend/Transcend_JetFlash_710_64Gb-1407517.html
USB Flash Drive Silicon Power LuxMini 322 32Gb,USB 2.0,32 Гб,,https://komp.1k.by/storage-usbflashdrives/siliconpower/Silicon_Power_LuxMini_322_32Gb-364855.html
USB Flash Drive Silicon Power Marvel M01 8GB,USB 3.0,8 Гб,,https://komp.1k.by/storage-usbflashdrives/siliconpower/Silicon_Power_Marvel_M01_8GB-589456.html
USB Flash Drive Transcend JetFlash 350 8Gb,USB 2.0,8 Гб,,https://komp.1k.by/storage-usbflashdrives/transcend/Transcend_JetFlash_350_8Gb-617947.html
USB Flash Drive SmartBuy Glossy Orange 32GB (SB32GBGS-Or),USB 2.0,32 Гб,,https://komp.1k.by/storage-usbflashdrives/smartbuy/SmartBuy_Glossy_Orange_32GB_SB32GBGS_Or-680878.html
USB Flash Drive Sandisk Cruzer Glide 16GB,USB 2.0,16 Гб,,https://komp.1k.by/storage-usbflashdrives/sandisk/Sandisk_Cruzer_Glide_16GB-727433.html
USB Flash Drive Silicon Power Firma F80 64GB,USB 2.0,64 Гб,,https://komp.1k.by/storage-usbflashdrives/siliconpower/Silicon_Power_Firma_F80_64GB-767188.html
USB Flash Drive ADATA DashDrive UV128 32GB,USB 3.1,32 Гб,90 Мб/с,https://komp.1k.by/storage-usbflashdrives/adata/ADATA_DashDrive_UV128_32GB-814170.html
USB Flash Drive Silicon Power Blaze B20 16GB,USB 3.0,16 Гб,,https://komp.1k.by/storage-usbflashdrives/siliconpower/Silicon_Power_Blaze_B20_16GB-843905.html
USB Flash Drive ADATA DashDrive UV150 32GB,USB 3.0,32 Гб,90 Мб/с,https://komp.1k.by/storage-usbflashdrives/adata/ADATA_DashDrive_UV150_32GB-866197.html
USB Flash Drive Apacer AH353 32GB,USB 3.0,32 Гб,80 Мб/с,https://komp.1k.by/storage-usbflashdrives/apacer/Apacer_AH353_32GB-1279789.html
USB Flash Drive OltraMax 50 32GB,USB 2.0,32 Гб,,https://komp.1k.by/storage-usbflashdrives/oltramax/OltraMax_50_32GB-1280055.html
USB Flash Drive OltraMax 50 16GB,USB 2.0,16 Гб,,https://komp.1k.by/storage-usbflashdrives/oltramax/OltraMax_50_16GB-1280057.html
USB Flash Drive EXPLOYD 530 64GB,USB 2.0,64 Гб,,https://komp.1k.by/storage-usbflashdrives/exployd/EXPLOYD_530_64GB-1280067.html
USB Flash Drive Silicon Power Blaze B06 32GB,USB 3.0,32 Гб,,https://komp.1k.by/storage-usbflashdrives/siliconpower/Silicon_Power_Blaze_B06_32GB-1280293.html
USB Flash Drive Silicon Power Blaze B05 64GB,USB 3.0,64 Гб,,https://komp.1k.by/storage-usbflashdrives/siliconpower/Silicon_Power_Blaze_B05_64GB-1280373.html
USB Flash Drive Kingston DataTraveler microDuo 64GB,USB 2.0/microUSB,64 Гб,,https://komp.1k.by/storage-usbflashdrives/kingston/Kingston_DataTraveler_microDuo_64GB-1280405.html
USB Flash Drive Silicon Power Ultima U05 64GB,USB 2.0,64 Гб,,https://komp.1k.by/storage-usbflashdrives/siliconpower/Silicon_Power_Ultima_U05_64GB-1280431.html
USB Flash Drive Silicon Power Ultima U05 32GB,USB 2.0,32 Гб,,https://komp.1k.by/storage-usbflashdrives/siliconpower/Silicon_Power_Ultima_U05_32GB-1280433.html
USB Flash Drive Silicon Power Ultima U05 16GB,USB 2.0,16 Гб,,https://komp.1k.by/storage-usbflashdrives/siliconpower/Silicon_Power_Ultima_U05_16GB-1280435.html
USB Flash Drive Silicon Power Ultima U05 8GB,USB 2.0,8 Гб,,https://komp.1k.by/storage-usbflashdrives/siliconpower/Silicon_Power_Ultima_U05_8GB-1280437.html
USB Flash Drive Transcend JetFlash 790 32Gb,USB 3.0,32 Гб,90 Мб/с,https://komp.1k.by/storage-usbflashdrives/transcend/Transcend_JetFlash_790_32Gb-1318959.html
USB Flash Drive Transcend JetFlash 790 16Gb,USB 3.0,16 Гб,90 Мб/с,https://komp.1k.by/storage-usbflashdrives/transcend/Transcend_JetFlash_790_16Gb-1318961.html
USB Flash Drive Transcend JetFlash 590 32Gb,USB 2.0,32 Гб,,https://komp.1k.by/storage-usbflashdrives/transcend/Transcend_JetFlash_590_32Gb-1318969.html
USB Flash Drive Transcend JetFlash 590 16Gb,USB 2.0,16 Гб,,https://komp.1k.by/storage-usbflashdrives/transcend/Transcend_JetFlash_590_16Gb-1318971.html
USB Flash Drive Silicon Power Jewel J80 8GB,USB 3.0,8 Гб,,https://komp.1k.by/storage-usbflashdrives/siliconpower/Silicon_Power_Jewel_J80_8GB-1602835.html
USB Flash Drive Mirex UNIT 8GB,USB 2.0,8 Гб,,https://komp.1k.by/storage-usbflashdrives/mirex/Mirex_UNIT_8GB-1647899.html
USB Flash Drive Mirex UNIT 4GB,USB 2.0,4 Гб,,https://komp.1k.by/storage-usbflashdrives/mirex/Mirex_UNIT_4GB-1647901.html
USB Flash Drive Mirex UNIT 64GB,USB 2.0,64 Гб,,https://komp.1k.by/storage-usbflashdrives/mirex/Mirex_UNIT_64GB-1648843.html
USB Flash Drive Mirex UNIT 32GB,USB 2.0,32 Гб,,https://komp.1k.by/storage-usbflashdrives/mirex/Mirex_UNIT_32GB-1648845.html
USB Flash Drive Apacer AH333 64GB,USB 2.0,64 Гб,,https://komp.1k.by/storage-usbflashdrives/apacer/Apacer_AH333_64GB-1669005.html
USB Flash Drive Apacer AH333 32GB,USB 2.0,32 Гб,,https://komp.1k.by/storage-usbflashdrives/apacer/Apacer_AH333_32GB-1669009.html
USB Flash Drive SmartBuy Quartz 8GB,USB 2.0,8 Гб,,https://komp.1k.by/storage-usbflashdrives/smartbuy/SmartBuy_Quartz_8GB-1709167.html
USB Flash Drive SmartBuy Quartz 16GB,USB 2.0,16 Гб,,https://komp.1k.by/storage-usbflashdrives/smartbuy/SmartBuy_Quartz_16GB-1709169.html
USB Flash Drive SmartBuy Quartz 32GB,USB 2.0,32 Гб,,https://komp.1k.by/storage-usbflashdrives/smartbuy/SmartBuy_Quartz_32GB-1709171.html
USB Flash Drive Sandisk Ultra Dual USB Drive 3.0 32GB,USB 3.0/microUSB,32 Гб,130 Мб/с,https://komp.1k.by/storage-usbflashdrives/sandisk/Sandisk_Ultra_Dual_USB_Drive_30_32GB-1796563.html
USB Flash Drive Mirex KNIGHT 64GB,USB 2.0,64 Гб,,https://komp.1k.by/storage-usbflashdrives/mirex/Mirex_KNIGHT_64GB-1796855.html
USB Flash Drive Transcend JetFlash 880 32Gb,USB 3.0/microUSB,32 Гб,,https://komp.1k.by/storage-usbflashdrives/transcend/Transcend_JetFlash_880_32Gb-1827515.html
USB Flash Drive SmartBuy Quartz 64GB [SB64GBQZ-V],USB 2.0,64 Гб,15 Мб/с,https://komp.1k.by/storage-usbflashdrives/smartbuy/SmartBuy_Quartz_64GB_SB64GBQZ_V-1994829.html
USB Flash Drive SmartBuy Paean 16GB,USB 2.0,16 Гб,,https://komp.1k.by/storage-usbflashdrives/smartbuy/SmartBuy_Paean_16GB-1994863.html
USB Flash Drive SmartBuy Paean 8GB,USB 2.0,8 Гб,15 Мб/с,https://komp.1k.by/storage-usbflashdrives/smartbuy/SmartBuy_Paean_8GB-1994865.html
USB Flash Drive Silicon Power Blaze B50 64GB,USB 3.0,64 Гб,,https://komp.1k.by/storage-usbflashdrives/siliconpower/Silicon_Power_Blaze_B50_64GB-1994887.html
USB Flash Drive Silicon Power Blaze B50 32GB,USB 3.0,32 Гб,,https://komp.1k.by/storage-usbflashdrives/siliconpower/Silicon_Power_Blaze_B50_32GB-1994889.html
USB Flash Drive Apacer AH115 64GB,USB 2.0,64 Гб,,https://komp.1k.by/storage-usbflashdrives/apacer/Apacer_AH115_64GB-2227031.html
USB Flash Drive Apacer AH115 32GB,USB 2.0,32 Гб,,https://komp.1k.by/storage-usbflashdrives/apacer/Apacer_AH115_32GB-2227033.html
USB Flash Drive Sandisk Ultra Flair USB 3.0 32GB,USB 3.0,32 Гб,150 Мб/с,https://komp.1k.by/storage-usbflashdrives/sandisk/Sandisk_Ultra_Flair_USB_30_32GB-2331595.html
USB Flash Drive SmartBuy Lara 16GB,USB 2.0,16 Гб,15 Мб/с,https://komp.1k.by/storage-usbflashdrives/smartbuy/SmartBuy_Lara_16GB-2353823.html
USB Flash Drive SmartBuy Lara 32GB,USB 2.0,32 Гб,15 Мб/с,https://komp.1k.by/storage-usbflashdrives/smartbuy/SmartBuy_Lara_32GB-2353825.html
USB Flash Drive SmartBuy Lara 8GB,USB 2.0,8 Гб,15 Мб/с,https://komp.1k.by/storage-usbflashdrives/smartbuy/SmartBuy_Lara_8GB-2353827.html
USB Flash Drive Silicon Power Blaze B02 64GB,USB 3.1,64 Гб,,https://komp.1k.by/storage-usbflashdrives/siliconpower/Silicon_Power_Blaze_B02_64GB-2426997.html
USB Flash Drive Silicon Power Blaze B02 16GB,USB 3.1,16 Гб,,https://komp.1k.by/storage-usbflashdrives/siliconpower/Silicon_Power_Blaze_B02_16GB-2427001.html
USB Flash Drive Silicon Power Ultima U02 64GB,USB 2.0,64 Гб,,https://komp.1k.by/storage-usbflashdrives/siliconpower/Silicon_Power_Ultima_U02_64GB-2427005.html
USB Flash Drive Silicon Power Ultima U02 32GB,USB 2.0,32 Гб,,https://komp.1k.by/storage-usbflashdrives/siliconpower/Silicon_Power_Ultima_U02_32GB-2427007.html
USB Flash Drive Silicon Power Ultima U02 16GB,USB 2.0,16 Гб,,https://komp.1k.by/storage-usbflashdrives/siliconpower/Silicon_Power_Ultima_U02_16GB-2427009.html
USB Flash Drive OltraMax 250 16GB,USB 2.0,16 Гб,15 Мб/с,https://komp.1k.by/storage-usbflashdrives/oltramax/OltraMax_250_16GB-2523039.html
USB Flash Drive OltraMax 230 16GB,USB 2.0,16 Гб,15 Мб/с,https://komp.1k.by/storage-usbflashdrives/oltramax/OltraMax_230_16GB-2523055.html
USB Flash Drive Sandisk Ultra USB Type-C 128GB,USB 3.1 Type-C,128 Гб,150 Мб/с,https://komp.1k.by/storage-usbflashdrives/sandisk/Sandisk_Ultra_USB_Type_C_128GB-2523221.html
USB Flash Drive SmartBuy POKO 8GB,USB 2.0/microUSB,8 Гб,,https://komp.1k.by/storage-usbflashdrives/smartbuy/SmartBuy_POKO_8GB-2572465.html
USB Flash Drive ADATA UV210 32GB,USB 2.0,32 Гб,,https://komp.1k.by/storage-usbflashdrives/adata/ADATA_UV210_32GB-2582637.html
USB Flash Drive Silicon Power Blaze B21 16GB,USB 3.1,16 Гб,,https://komp.1k.by/storage-usbflashdrives/siliconpower/Silicon_Power_Blaze_B21_16GB-2598827.html
USB Flash Drive GoodRAM UTS3 128GB,USB 3.1,128 Гб,60 Мб/с,https://komp.1k.by/storage-usbflashdrives/goodram/GoodRAM_UTS3_128GB-2716319.html
USB Flash Drive Mirex Color Blade Line 32GB (13600-FMULBK32),USB 2.0,32 Гб,18 Мб/с,https://komp.1k.by/storage-usbflashdrives/mirex/Mirex_Color_Blade_Line_32GB_13600_FMULBK32-2975173.html
USB Flash Drive Mirex Color Blade Line 4GB (13600-FMULBK04),USB 2.0,4 Гб,18 Мб/с,https://komp.1k.by/storage-usbflashdrives/mirex/Mirex_Color_Blade_Line_4GB_13600_FMULBK04-2975175.html
USB Flash Drive Mirex Color Blade Line 8GB (13600-FMULBK08),USB 2.0,8 Гб,18 Мб/с,https://komp.1k.by/storage-usbflashdrives/mirex/Mirex_Color_Blade_Line_8GB_13600_FMULBK08-2975177.html
USB Flash Drive Mirex Color Blade Line 32GB (13600-FMULWH32),USB 2.0,32 Гб,18 Мб/с,https://komp.1k.by/storage-usbflashdrives/mirex/Mirex_Color_Blade_Line_32GB_13600_FMULWH32-2975179.html
USB Flash Drive Mirex Color Blade Line 8GB (13600-FMULWH08),USB 2.0,8 Гб,18 Мб/с,https://komp.1k.by/storage-usbflashdrives/mirex/Mirex_Color_Blade_Line_8GB_13600_FMULWH08-2975183.html
USB Flash Drive SmartBuy NY series Caribou 16GB (SB16GBCaribouQ),USB 2.0,16 Гб,15 Мб/с,https://komp.1k.by/storage-usbflashdrives/smartbuy/SmartBuy_NY_series_Caribou_16GB_SB16GBCaribouQ-2975203.html
USB Flash Drive Mirex Color Blade City 16GB (13600-FMUCIB16),USB 2.0,16 Гб,18 Мб/с,https://komp.1k.by/storage-usbflashdrives/mirex/Mirex_Color_Blade_City_16GB_13600_FMUCIB16-3036941.html
USB Flash Drive Mirex Color Blade Line 16GB (13600-FMULWH16),USB 2.0,16 Гб,18 Мб/с,https://komp.1k.by/storage-usbflashdrives/mirex/Mirex_Color_Blade_Line_16GB_13600_FMULWH16-3040397.html
USB Flash Drive Silicon Power Jewel J80 128GB,USB 3.0,128 Гб,,https://komp.1k.by/storage-usbflashdrives/siliconpower/Silicon_Power_Jewel_J80_128GB-3677761.html
USB Flash Drive SmartBuy Glossy USB 2.0 64GB,USB 2.0,64 Гб,,https://komp.1k.by/storage-usbflashdrives/smartbuy/SmartBuy_Glossy_USB_20_64GB-3677843.html
USB Flash Drive SmartBuy Glossy Blue 32GB (SB32GBGS-B),USB 2.0,32 Гб,,https://komp.1k.by/storage-usbflashdrives/smartbuy/SmartBuy_Glossy_Blue_32GB_SB32GBGS_B-3677845.html
USB Flash Drive SmartBuy Glossy Blue 8GB (SB8GBGS-B),USB 2.0,8 Гб,,https://komp.1k.by/storage-usbflashdrives/smartbuy/SmartBuy_Glossy_Blue_8GB_SB8GBGS_B-3677847.html
USB Flash Drive Mirex CRAB 16GB,USB 2.0,16 Гб,,https://komp.1k.by/storage-usbflashdrives/mirex/Mirex_CRAB_16GB-3678075.html
USB Flash Drive SmartBuy Dock USB 3.0 32GB,USB 3.0,32 Гб,,https://komp.1k.by/storage-usbflashdrives/smartbuy/SmartBuy_Dock_USB_30_32GB-3678089.html
USB Flash Drive SanDisk Cruzer Glide 256GB,USB 2.0,256 Гб,,https://komp.1k.by/storage-usbflashdrives/sandisk/SanDisk_Cruzer_Glide_256GB-3678197.html
USB Flash Drive Mirex SWIVEL 64GB (13600-FMUSWT64),USB 2.0,64 Гб,,https://komp.1k.by/storage-usbflashdrives/mirex/Mirex_SWIVEL_64GB_13600_FMUSWT64-3678235.html
USB Flash Drive SmartBuy V-Cut USB 3.0 128GB,USB 3.0,128 Гб,,https://komp.1k.by/storage-usbflashdrives/smartbuy/SmartBuy_V_Cut_USB_30_128GB-3678241.html
USB Flash Drive SmartBuy Lara 64GB,USB 2.0,64 Гб,15 Мб/с,https://komp.1k.by/storage-usbflashdrives/smartbuy/SmartBuy_Lara_64GB-3678327.html
USB Flash Drive Kingston DataTraveler microDuo 3C 64GB,USB 3.1/USB Type-C,64 Гб,100 Мб/с,https://komp.1k.by/storage-usbflashdrives/kingston/Kingston_DataTraveler_microDuo_3C_64GB-3678373.html
USB Flash Drive Mirex CRAB 32GB,USB 2.0,32 Гб,,https://komp.1k.by/storage-usbflashdrives/mirex/Mirex_CRAB_32GB-3678417.html
USB Flash Drive Apacer AH111 64GB,USB 2.0,64 Гб,,https://komp.1k.by/storage-usbflashdrives/apacer/Apacer_AH111_64GB-3678435.html
USB Flash Drive SanDisk Ultra Dual Drive m3.0 64GB,USB 3.0/microUSB,64 Гб,150 Мб/с,https://komp.1k.by/storage-usbflashdrives/sandisk/SanDisk_Ultra_Dual_Drive_m30_64GB-3678615.html
USB Flash Drive SanDisk Ultra Dual Drive m3.0 32GB,USB 3.0/microUSB,32 Гб,150 Мб/с,https://komp.1k.by/storage-usbflashdrives/sandisk/SanDisk_Ultra_Dual_Drive_m30_32GB-3678617.html
USB Flash Drive SanDisk Ultra Dual Drive m3.0 128GB,USB 3.0/microUSB,128 Гб,150 Мб/с,https://komp.1k.by/storage-usbflashdrives/sandisk/SanDisk_Ultra_Dual_Drive_m30_128GB-3678619.html
USB Flash Drive SmartBuy Wild Series Heart 16GB,USB 2.0,16 Гб,15 Мб/с,https://komp.1k.by/storage-usbflashdrives/smartbuy/SmartBuy_Wild_Series_Heart_16GB-3678755.html
USB Flash Drive Silicon Power Blaze B25 64GB,USB 3.1,64 Гб,,https://komp.1k.by/storage-usbflashdrives/siliconpower/Silicon_Power_Blaze_B25_64GB-3678761.html
USB Flash Drive Silicon Power Blaze B25 256GB,USB 3.1,256 Гб,,https://komp.1k.by/storage-usbflashdrives/siliconpower/Silicon_Power_Blaze_B25_256GB-3678767.html
USB Flash Drive ADATA UV320 64GB,USB 3.1,64 Гб,,https://komp.1k.by/storage-usbflashdrives/adata/ADATA_UV320_64GB-3678781.html
USB Flash Drive ADATA UV320 128GB,USB 3.1,128 Гб,,https://komp.1k.by/storage-usbflashdrives/adata/ADATA_UV320_128GB-3678787.html
USB Flash Drive SmartBuy NY series Santa-S 16GB,USB 2.0,16 Гб,,https://komp.1k.by/storage-usbflashdrives/smartbuy/SmartBuy_NY_series_Santa_S_16GB-3678903.html
USB Flash Drive ADATA UV240 32GB,USB 2.0,32 Гб,,https://komp.1k.by/storage-usbflashdrives/adata/ADATA_UV240_32GB-3678927.html
USB Flash Drive ADATA UV240 64GB,USB 2.0,64 Гб,,https://komp.1k.by/storage-usbflashdrives/adata/ADATA_UV240_64GB-3678933.html
USB Flash Drive Apacer AH336 32GB,USB 2.0,32 Гб,,https://komp.1k.by/storage-usbflashdrives/apacer/Apacer_AH336_32GB-3679005.html
USB Flash Drive Apacer AH336 64GB,USB 2.0,64 Гб,,https://komp.1k.by/storage-usbflashdrives/apacer/Apacer_AH336_64GB-3679007.html
USB Flash Drive Mirex CITY 32GB,USB 2.0,32 Гб,18 Мб/с,https://komp.1k.by/storage-usbflashdrives/mirex/Mirex_CITY_32GB-3679155.html
USB Flash Drive Mirex LINE 32GB,USB 2.0,32 Гб,18 Мб/с,https://komp.1k.by/storage-usbflashdrives/mirex/Mirex_LINE_32GB-3679161.html
USB Flash Drive Mirex LINE 64GB,USB 2.0,64 Гб,18 Мб/с,https://komp.1k.by/storage-usbflashdrives/mirex/Mirex_LINE_64GB-3679163.html
USB Flash Drive Mirex LINE 4GB,USB 2.0,4 Гб,18 Мб/с,https://komp.1k.by/storage-usbflashdrives/mirex/Mirex_LINE_4GB-3679167.html
USB Flash Drive Mirex LINE 8GB,USB 2.0,8 Гб,18 Мб/с,https://komp.1k.by/storage-usbflashdrives/mirex/Mirex_LINE_8GB-3679169.html
USB Flash Drive SmartBuy NY series Snow 16GB,USB 2.0,16 Гб,15 Мб/с,https://komp.1k.by/storage-usbflashdrives/smartbuy/SmartBuy_NY_series_Snow_16GB-3679223.html
USB Flash Drive Perfeo S05 64GB,USB 3.0,64 Гб,,https://komp.1k.by/storage-usbflashdrives/perfeo/Perfeo_S05_64GB-3679263.html
USB Flash Drive Apacer AH335 64GB,USB 2.0,64 Гб,,https://komp.1k.by/storage-usbflashdrives/apacer/Apacer_AH335_64GB-3679343.html
USB Flash Drive SmartBuy Wild Series Heart 32GB,USB 2.0,32 Гб,15 Мб/с,https://komp.1k.by/storage-usbflashdrives/smartbuy/SmartBuy_Wild_Series_Heart_32GB-3679535.html
USB Flash Drive SmartBuy Wild Series Heart 8GB,USB 2.0,8 Гб,15 Мб/с,https://komp.1k.by/storage-usbflashdrives/smartbuy/SmartBuy_Wild_Series_Heart_8GB-3679537.html
USB Flash Drive ADATA UV220 32GB,USB 2.0,32 Гб,,https://komp.1k.by/storage-usbflashdrives/adata/ADATA_UV220_32GB-3679679.html
USB Flash Drive OltraMax 70 16GB,USB 2.0,16 Гб,20 Мб/с,https://komp.1k.by/storage-usbflashdrives/oltramax/OltraMax_70_16GB-3679759.html
USB Flash Drive OltraMax 70 64GB,USB 2.0,64 Гб,20 Мб/с,https://komp.1k.by/storage-usbflashdrives/oltramax/OltraMax_70_64GB-3679761.html
USB Flash Drive SanDisk Ultra Fit USB 3.1 32GB,USB 3.1,32 Гб,130 Мб/с,https://komp.1k.by/storage-usbflashdrives/sandisk/SanDisk_Ultra_Fit_USB_31_32GB-3679783.html
USB Flash Drive SanDisk Ultra Fit USB 3.1 256GB,USB 3.1,256 Гб,130 Мб/с,https://komp.1k.by/storage-usbflashdrives/sandisk/SanDisk_Ultra_Fit_USB_31_256GB-3679791.html
USB Flash Drive Apacer AH25B 32GB,USB 3.1,32 Гб,,https://komp.1k.by/storage-usbflashdrives/apacer/Apacer_AH25B_32GB-3680379.html
USB Flash Drive Apacer AH25B 128GB,USB 3.1,128 Гб,,https://komp.1k.by/storage-usbflashdrives/apacer/Apacer_AH25B_128GB-3680383.html
USB Flash Drive Apacer AH25B 64GB,USB 3.1,64 Гб,,https://komp.1k.by/storage-usbflashdrives/apacer/Apacer_AH25B_64GB-3680385.html
USB Flash Drive SmartBuy Wild Series Tank 32GB,USB 2.0,32 Гб,,https://komp.1k.by/storage-usbflashdrives/smartbuy/SmartBuy_Wild_Series_Tank_32GB-3680419.html
USB Flash Drive SmartBuy Jet 32GB,USB 2.0,32 Гб,,https://komp.1k.by/storage-usbflashdrives/smartbuy/SmartBuy_Jet_32GB-3680423.html
USB Flash Drive SmartBuy Stream USB 3.0 32GB,USB 3.0,32 Гб,,https://komp.1k.by/storage-usbflashdrives/smartbuy/SmartBuy_Stream_USB_30_32GB-3680723.html
USB Flash Drive SmartBuy Stream USB 3.0 64GB,USB 3.0,64 Гб,,https://komp.1k.by/storage-usbflashdrives/smartbuy/SmartBuy_Stream_USB_30_64GB-3680729.html
USB Flash Drive SanDisk Ultra Dual Type-C 128GB (SDDDC2-128G-G46),USB 3.2 Gen 1/Type-C,128 Гб,150 Мб/с,https://komp.1k.by/storage-usbflashdrives/sandisk/SanDisk_Ultra_Dual_Type_C_128GB_SDDDC2_128G_G46-3736329.html
USB Flash Drive Lexar JumpDrive V40 64GB,USB 2.0,,,https://komp.1k.by/storage-usbflashdrives/lexar/Lexar_JumpDrive_V40_64GB-4113131.html
USB Flash Drive Netac U182 32GB,USB 3.0,32 Гб,,https://komp.1k.by/storage-usbflashdrives/netac/Netac_U182_32GB-4256859.html
USB Flash Drive Netac U182 256GB,USB 3.0,256 Гб,,https://komp.1k.by/storage-usbflashdrives/netac/Netac_U182_256GB-4257347.html
USB Flash Drive Transcend JetFlash 790 256Gb,USB 3.0,256 Гб,90 Мб/с,https://komp.1k.by/storage-usbflashdrives/transcend/Transcend_JetFlash_790_256Gb-4257505.html
USB Flash Drive SanDisk Ultra Luxe 128GB,USB 3.1,128 Гб,150 Мб/с,https://komp.1k.by/storage-usbflashdrives/sandisk/SanDisk_Ultra_Luxe_128GB-4262065.html
USB Flash Drive SanDisk Ultra Luxe 32GB,USB 3.1,32 Гб,150 Мб/с,https://komp.1k.by/storage-usbflashdrives/sandisk/SanDisk_Ultra_Luxe_32GB-4262067.html
USB Flash Drive SanDisk Extreme Go 256GB,USB 3.2 Gen 1,256 Гб,,https://komp.1k.by/storage-usbflashdrives/sandisk/SanDisk_Extreme_Go_256GB-4487982.html
USB Flash Drive SanDisk Ultra Dual Drive Go Type-C 256GB,USB 3.1/USB Type-C,256 Гб,150 Мб/с,https://komp.1k.by/storage-usbflashdrives/sandisk/SanDisk_Ultra_Dual_Drive_Go_Type_C_256GB-4487999.html
USB Flash Drive ADATA C906 64GB,USB 2.0,64 Гб,,https://komp.1k.by/storage-usbflashdrives/adata/ADATA_C906_64GB-4488033.html
USB Flash Drive EXPLOYD 570 128GB,USB 2.0,128 Гб,15 Мб/с,https://komp.1k.by/storage-usbflashdrives/exployd/EXPLOYD_570_128GB-4488066.html
USB Flash Drive EXPLOYD 580 128GB,USB 2.0,128 Гб,15 Мб/с,https://komp.1k.by/storage-usbflashdrives/exployd/EXPLOYD_580_128GB-4488069.html
USB Flash Drive EXPLOYD 650 128GB,USB 2.0,128 Гб,20 Мб/с,https://komp.1k.by/storage-usbflashdrives/exployd/EXPLOYD_650_128GB-4488079.html
USB Flash Drive Silicon Power Blaze B03 128GB,USB 3.2 Gen 1,128 Гб,,https://komp.1k.by/storage-usbflashdrives/siliconpower/Silicon_Power_Blaze_B03_128GB-4488107.html
USB Flash Drive Silicon Power Blaze B03 64GB,USB 3.2 Gen 1,64 Гб,,https://komp.1k.by/storage-usbflashdrives/siliconpower/Silicon_Power_Blaze_B03_64GB-4488108.html
USB Flash Drive Silicon Power Blaze B32 128GB,USB 3.2 Gen 1,128 Гб,,https://komp.1k.by/storage-usbflashdrives/siliconpower/Silicon_Power_Blaze_B32_128GB-4488111.html
USB Flash Drive Silicon Power Blaze B32 64GB,USB 3.2 Gen 1,64 Гб,,https://komp.1k.by/storage-usbflashdrives/siliconpower/Silicon_Power_Blaze_B32_64GB-4488113.html
USB Flash Drive OltraMax 230 128GB,USB 2.0,128 Гб,20 Мб/с,https://komp.1k.by/storage-usbflashdrives/oltramax/OltraMax_230_128GB-4488206.html
USB Flash Drive OltraMax 250 128GB,USB 2.0,128 Гб,20 Мб/с,https://komp.1k.by/storage-usbflashdrives/oltramax/OltraMax_250_128GB-4488207.html
USB Flash Drive OltraMax 310 128GB,USB 2.0,128 Гб,20 Мб/с,https://komp.1k.by/storage-usbflashdrives/oltramax/OltraMax_310_128GB-4488215.html
USB Flash Drive Transcend JetFlash 930C 128Gb,USB 3.2 Gen 1/Type-C,128 Гб,420 Мб/с,https://komp.1k.by/storage-usbflashdrives/transcend/Transcend_JetFlash_930C_128Gb-4489093.html
USB Flash Drive Sandisk Ultra USB 3.0 512Gb,USB 3.0,512 Гб,100 Мб/с,https://komp.1k.by/storage-usbflashdrives/sandisk/Sandisk_Ultra_USB_30_512Gb-4489160.html
USB Flash Drive Hoco UD9 64GB,USB 2.0,64 Гб,25 Мб/с,https://komp.1k.by/storage-usbflashdrives/hoco/Hoco_UD9_64GB-4489172.html
USB Flash Drive Kingston DataTraveler Exodia 64GB,USB 3.2 Gen 1,64 Гб,,https://komp.1k.by/storage-usbflashdrives/kingston/Kingston_DataTraveler_Exodia_64GB-4489177.html
USB Flash Drive Netac U182 64GB,USB 3.0,64 Гб,,https://komp.1k.by/storage-usbflashdrives/netac/Netac_U182_64GB-4489184.html
USB Flash Drive Netac U336S 64GB NT03U336S-064G-30BK,USB 3.0,64 Гб,,https://komp.1k.by/storage-usbflashdrives/netac/Netac_U336S_64GB_NT03U336S_064G_30BK-4489186.html
USB Flash Drive SanDisk iXpand Luxe 64GB,USB 3.1 Type-C/Lightning,64 Гб,,https://komp.1k.by/storage-usbflashdrives/sandisk/SanDisk_iXpand_Luxe_64GB-4489192.html
USB Flash Drive Netac U278 64GB NT03U278N-064G-30PN,USB 3.2 Gen 1,64 Гб,,https://komp.1k.by/storage-usbflashdrives/netac/Netac_U278_64GB_NT03U278N_064G_30PN-4489193.html
USB Flash Drive SanDisk iXpand Go 256GB,USB 3.2 Gen 1/Lightning,256 Гб,,https://komp.1k.by/storage-usbflashdrives/sandisk/SanDisk_iXpand_Go_256GB-4489204.html
USB Flash Drive SanDisk Ultra Dual Type-C 64GB SDDDC2-064G-G46,USB 3.2 Gen 1/Type-C,64 Гб,150 Мб/с,https://komp.1k.by/storage-usbflashdrives/sandisk/SanDisk_Ultra_Dual_Type_C_64GB_SDDDC2_064G_G46-4489228.html
USB Flash Drive SanDisk Ultra USB Type-C 32GB SDCZ460-032G-G46,USB 3.2 Gen 1 Type-C,32 Гб,150 Мб/с,https://komp.1k.by/storage-usbflashdrives/sandisk/SanDisk_Ultra_USB_Type_C_32GB_SDCZ460_032G_G46-4489233.html
USB Flash Drive GoodRAM UME2 64GB,USB 2.0,64 Гб,20 Мб/с,https://komp.1k.by/storage-usbflashdrives/goodram/GoodRAM_UME2_64GB-4489240.html
USB Flash Drive GoodRAM UME3 16GB,USB 3.2 Gen 1,16 Гб,60 Мб/с,https://komp.1k.by/storage-usbflashdrives/goodram/GoodRAM_UME3_16GB-4489242.html
USB Flash Drive GoodRAM UME3 64GB,USB 3.2 Gen 1,64 Гб,60 Мб/с,https://komp.1k.by/storage-usbflashdrives/goodram/GoodRAM_UME3_64GB-4489243.html
USB Flash Drive GoodRAM UME3 32GB,USB 3.2 Gen 1,32 Гб,60 Мб/с,https://komp.1k.by/storage-usbflashdrives/goodram/GoodRAM_UME3_32GB-4489244.html
USB Flash Drive GoodRAM UME3 Eco Friendly 32GB,USB 3.2 Gen 1,32 Гб,60 Мб/с,https://komp.1k.by/storage-usbflashdrives/goodram/GoodRAM_UME3_Eco_Friendly_32GB-4489245.html
USB Flash Drive Hikvision HS-USB-M200 USB3.0 32GB,USB 3.2 Gen 1,32 Гб,80 Мб/с,https://komp.1k.by/storage-usbflashdrives/hikvision/Hikvision_HS_USB_M200_USB30_32GB-4489254.html
USB Flash Drive Hikvision HS-USB-M200R USB2.0 64GB,USB 2.0,64 Гб,30 Мб/с,https://komp.1k.by/storage-usbflashdrives/hikvision/Hikvision_HS_USB_M200R_USB20_64GB-4489260.html
USB Flash Drive Hikvision HS-USB-M200S USB2.0 64GB,USB 2.0,64 Гб,30 Мб/с,https://komp.1k.by/storage-usbflashdrives/hikvision/Hikvision_HS_USB_M200S_USB20_64GB-4489261.html
USB Flash Drive Hikvision HS-USB-M200S USB2.0 32GB,USB 2.0,32 Гб,30 Мб/с,https://komp.1k.by/storage-usbflashdrives/hikvision/Hikvision_HS_USB_M200S_USB20_32GB-4489262.html
USB Flash Drive Netac U352 16GB NT03U352N-016G-30PN,USB 3.2 Gen 1,16 Гб,,https://komp.1k.by/storage-usbflashdrives/netac/Netac_U352_16GB_NT03U352N_016G_30PN-4489263.html
USB Flash Drive Netac U336 32GB NT03U336S-032G-30BK,USB 3.2 Gen 1,32 Гб,,https://komp.1k.by/storage-usbflashdrives/netac/Netac_U336_32GB_NT03U336S_032G_30BK-4489264.html
USB Flash Drive Netac U336 16GB NT03U336S-016G-30BK,USB 3.2 Gen 1,16 Гб,,https://komp.1k.by/storage-usbflashdrives/netac/Netac_U336_16GB_NT03U336S_016G_30BK-4489265.html
USB Flash Drive Netac U278 16GB NT03U278N-016G-20PN,USB 3.2 Gen 1,16 Гб,,https://komp.1k.by/storage-usbflashdrives/netac/Netac_U278_16GB_NT03U278N_016G_20PN-4489266.html
USB Flash Drive Netac U197 16GB NT03U197N-016G-20BK,USB 2.0,16 Гб,,https://komp.1k.by/storage-usbflashdrives/netac/Netac_U197_16GB_NT03U197N_016G_20BK-4489269.html
USB Flash Drive Netac U182 16GB,USB 3.0,16 Гб,,https://komp.1k.by/storage-usbflashdrives/netac/Netac_U182_16GB-4489271.html
USB Flash Drive Netac U116 16GB NT03U116N-016G-30WH,USB 3.2 Gen 1,16 Гб,,https://komp.1k.by/storage-usbflashdrives/netac/Netac_U116_16GB_NT03U116N_016G_30WH-4489273.html
USB Flash Drive Netac U116 128GB NT03U116N-128G-30WH,USB 3.2 Gen 1,128 Гб,,https://komp.1k.by/storage-usbflashdrives/netac/Netac_U116_128GB_NT03U116N_128G_30WH-4489275.html
USB Flash Drive Netac U505 32GB NT03U505N-032G-20BK,USB 2.0,32 Гб,90 Мб/с,https://komp.1k.by/storage-usbflashdrives/netac/Netac_U505_32GB_NT03U505N_032G_20BK-4489277.html
USB Flash Drive Netac U352 64GB NT03U352N-064G-20PN,USB 2.0,64 Гб,,https://komp.1k.by/storage-usbflashdrives/netac/Netac_U352_64GB_NT03U352N_064G_20PN-4489278.html
USB Flash Drive Netac U351 32GB NT03U351N-032G-20BK,USB 2.0,32 Гб,,https://komp.1k.by/storage-usbflashdrives/netac/Netac_U351_32GB_NT03U351N_032G_20BK-4489281.html
USB Flash Drive Netac U326 32GB NT03U326N-032G-20PN,USB 2.0,32 Гб,,https://komp.1k.by/storage-usbflashdrives/netac/Netac_U326_32GB_NT03U326N_032G_20PN-4489282.html
USB Flash Drive Netac U278 32GB NT03U278N-032G-20PN,USB 2.0,32 Гб,,https://komp.1k.by/storage-usbflashdrives/netac/Netac_U278_32GB_NT03U278N_032G_20PN-4489285.html
USB Flash Drive Netac U278 64GB NT03U278N-064G-20PN,USB 2.0,64 Гб,,https://komp.1k.by/storage-usbflashdrives/netac/Netac_U278_64GB_NT03U278N_064G_20PN-4489288.html
USB Flash Drive Netac U278 32GB NT03U278N-032G-30PN,USB 3.2 Gen 1,32 Гб,,https://komp.1k.by/storage-usbflashdrives/netac/Netac_U278_32GB_NT03U278N_032G_30PN-4489289.html
USB Flash Drive Netac U278 128GB NT03U278N-128G-30PN,USB 3.2 Gen 1,128 Гб,,https://komp.1k.by/storage-usbflashdrives/netac/Netac_U278_128GB_NT03U278N_128G_30PN-4489293.html
USB Flash Drive Netac U185 USB 2.0 32GB NT03U185N-032G-20WH,USB 2.0,32 Гб,,https://komp.1k.by/storage-usbflashdrives/netac/Netac_U185_USB_20_32GB_NT03U185N_032G_20WH-4489299.html
USB Flash Drive Netac U116 32GB NT03U116N-032G-30WH,USB 3.2 Gen 1,32 Гб,,https://komp.1k.by/storage-usbflashdrives/netac/Netac_U116_32GB_NT03U116N_032G_30WH-4489306.html
USB Flash Drive Netac U116 32GB NT03U116N-032G-20WH,USB 2.0,32 Гб,,https://komp.1k.by/storage-usbflashdrives/netac/Netac_U116_32GB_NT03U116N_032G_20WH-4489307.html
USB Flash Drive Netac U326 8GB NT03U326N-008G-20PN,USB 2.0,8 Гб,,https://komp.1k.by/storage-usbflashdrives/netac/Netac_U326_8GB_NT03U326N_008G_20PN-4489310.html
USB Flash Drive Netac U278 8GB NT03U278N-008G-20PN,USB 2.0,8 Гб,,https://komp.1k.by/storage-usbflashdrives/netac/Netac_U278_8GB_NT03U278N_008G_20PN-4489311.html
USB Flash Drive Mirex Mario 32GB,USB 2.0,32 Гб,33 Мб/с,https://komp.1k.by/storage-usbflashdrives/mirex/Mirex_Mario_32GB-4489316.html
USB Flash Drive Mirex SWIVEL RUBBER 32GB,USB 2.0,32 Гб,15 Мб/с,https://komp.1k.by/storage-usbflashdrives/mirex/Mirex_SWIVEL_RUBBER_32GB-4489329.html
USB Flash Drive Mirex SWIVEL RUBBER 64GB,USB 2.0,64 Гб,15 Мб/с,https://komp.1k.by/storage-usbflashdrives/mirex/Mirex_SWIVEL_RUBBER_64GB-4489330.html
USB Flash Drive Netac U116 64GB NT03U116N-064G-30WH,USB 3.2 Gen 1,64 Гб,,https://komp.1k.by/storage-usbflashdrives/netac/Netac_U116_64GB_NT03U116N_064G_30WH-4489332.html
USB Flash Drive Netac U275 16GB NT03U275N-016G-20SL,USB 2.0,16 Гб,,https://komp.1k.by/storage-usbflashdrives/netac/Netac_U275_16GB_NT03U275N_016G_20SL-4489334.html
USB Flash Drive Netac U275 64GB NT03U275N-064G-20SL,USB 2.0,64 Гб,,https://komp.1k.by/storage-usbflashdrives/netac/Netac_U275_64GB_NT03U275N_064G_20SL-4489338.html
USB Flash Drive Netac U326 16GB NT03U326N-016G-20PN,USB 2.0,16 Гб,,https://komp.1k.by/storage-usbflashdrives/netac/Netac_U326_16GB_NT03U326N_016G_20PN-4489339.html
USB Flash Drive Netac U336S 128GB NT03U336S-128G-30BK,USB 3.0,128 Гб,,https://komp.1k.by/storage-usbflashdrives/netac/Netac_U336S_128GB_NT03U336S_128G_30BK-4489343.html
USB Flash Drive Netac U351 128GB NT03U351N-128G-20BK,USB 2.0,128 Гб,,https://komp.1k.by/storage-usbflashdrives/netac/Netac_U351_128GB_NT03U351N_128G_20BK-4489346.html
USB Flash Drive Netac U351 16GB NT03U351N-016G-30BK,USB 3.2 Gen 1,16 Гб,,https://komp.1k.by/storage-usbflashdrives/netac/Netac_U351_16GB_NT03U351N_016G_30BK-4489349.html
USB Flash Drive Netac U351 64GB NT03U351N-064G-30BK,USB 3.2 Gen 1,64 Гб,,https://komp.1k.by/storage-usbflashdrives/netac/Netac_U351_64GB_NT03U351N_064G_30BK-4489350.html
USB Flash Drive Netac U505 16GB NT03U505N-016G-20BK,USB 2.0,16 Гб,90 Мб/с,https://komp.1k.by/storage-usbflashdrives/netac/Netac_U505_16GB_NT03U505N_016G_20BK-4489353.html
USB Flash Drive Netac U782C 32GB NT03U782C-032G-30PN,USB 3.2 Gen 1/Type-C,32 Гб,110 Мб/с,https://komp.1k.by/storage-usbflashdrives/netac/Netac_U782C_32GB_NT03U782C_032G_30PN-4489354.html
USB Flash Drive Perfeo E01 64GB,USB 2.0,64 Гб,,https://komp.1k.by/storage-usbflashdrives/perfeo/Perfeo_E01_64GB-4490317.html
USB Flash Drive Transcend JetFlash 790 512Gb,USB 3.2 Gen 1,512 Гб,90 Мб/с,https://komp.1k.by/storage-usbflashdrives/transcend/Transcend_JetFlash_790_512Gb-4490320.html
USB Flash Drive SanDisk iXpand Luxe 256GB,USB 3.1 Type-C/Lightning,256 Гб,,https://komp.1k.by/storage-usbflashdrives/sandisk/SanDisk_iXpand_Luxe_256GB-4490322.html
USB Flash Drive Netac U352 128GB NT03U352N-128G-20PN,USB 2.0,128 Гб,,https://komp.1k.by/storage-usbflashdrives/netac/Netac_U352_128GB_NT03U352N_128G_20PN-4490326.html
USB Flash Drive Netac U351 64GB NT03U351N-064G-20BK,USB 2.0,64 Гб,,https://komp.1k.by/storage-usbflashdrives/netac/Netac_U351_64GB_NT03U351N_064G_20BK-4490329.html
USB Flash Drive SmartBuy Paean 64GB,USB 2.0,64 Гб,15 Мб/с,https://komp.1k.by/storage-usbflashdrives/smartbuy/SmartBuy_Paean_64GB-4490334.html
USB Flash Drive Netac U352 32GB NT03U352N-032G-20PN,USB 2.0,32 Гб,,https://komp.1k.by/storage-usbflashdrives/netac/Netac_U352_32GB_NT03U352N_032G_20PN-4490367.html
USB Flash Drive Acer BL.9BWWA.557 32GB,USB 3.2 Gen 1,32 Гб,100 Мб/с,https://komp.1k.by/storage-usbflashdrives/acer/Acer_BL9BWWA557_32GB-4669652.html
USB Flash Drive Goodram ODA3 64GB (ODA3-0640S0R11),USB 3.2 Gen 1,64 Гб,60 Мб/с,https://komp.1k.by/storage-usbflashdrives/goodram/Goodram_ODA3_64GB_ODA3_0640S0R11-4669661.html
USB Flash Drive Kingston DataTraveler Exodia M 64GB,USB 3.2 Gen 1,64 Гб,,https://komp.1k.by/storage-usbflashdrives/kingston/Kingston_DataTraveler_Exodia_M_64GB-4669703.html
USB Flash Drive Kingston DataTraveler Max Type-A (DTMAXA/512GB) 512GB,USB 3.2 Gen 2,512 Гб,1 000 Мб/с,https://komp.1k.by/storage-usbflashdrives/kingston/Kingston_DataTraveler_Max_Type_A_DTMAXA512GB_512GB-4669710.html
USB Flash Drive Kingston DataTraveler Max Type-A (DTMAXA/256GB) 256GB,USB 3.2 Gen 2,256 Гб,1 000 Мб/с,https://komp.1k.by/storage-usbflashdrives/kingston/Kingston_DataTraveler_Max_Type_A_DTMAXA256GB_256GB-4669711.html
USB Flash Drive Netac UM1 USB 3.2 Highspeed Flash Drive 128GB,USB 3.2 Gen 2,128 Гб,,https://komp.1k.by/storage-usbflashdrives/netac/Netac_UM1_USB_32_Highspeed_Flash_Drive_128GB-4669721.html
USB Flash Drive Netac U185 USB 3.0 FlashDrive 16GB с индикатором,USB 3.2 Gen 2,16 Гб,,https://komp.1k.by/storage-usbflashdrives/netac/Netac_U185_USB_30_FlashDrive_16GB_s_indikatorom-4669732.html
USB Flash Drive Netac U505 USB 3.0 FlashDrive Netac 16GB,USB 3.2 Gen 1,16 Гб,,https://komp.1k.by/storage-usbflashdrives/netac/Netac_U505_USB_30_FlashDrive_Netac_16GB-4669735.html
USB Flash Drive SanDisk iXpand Flip 64GB,USB 3.2 Gen 1/Lightning,64 Гб,,https://komp.1k.by/storage-usbflashdrives/sandisk/SanDisk_iXpand_Flip_64GB-4669739.html
USB Flash Drive SanDisk iXpand Go 64GB (SDIX60N-064G-GN6NN),USB 3.2 Gen 1/Lightning,64 Гб,,https://komp.1k.by/storage-usbflashdrives/sandisk/SanDisk_iXpand_Go_64GB_SDIX60N_064G_GN6NN-4669740.html
USB Flash Drive SanDisk iXpand Luxe 128GB,USB 3.1 Type-C/Lightning,128 Гб,,https://komp.1k.by/storage-usbflashdrives/sandisk/SanDisk_iXpand_Luxe_128GB-4669742.html
USB Flash Drive SmartBuy Quartz 64GB (SB64GBQZ-K),USB 2.0,64 Гб,15 Мб/с,https://komp.1k.by/storage-usbflashdrives/smartbuy/SmartBuy_Quartz_64GB_SB64GBQZ_K-4669750.html
USB Flash Drive GoodRAM UME3 Eco Friendly 128GB,USB 3.2 Gen 1,128 Гб,60 Мб/с,https://komp.1k.by/storage-usbflashdrives/goodram/GoodRAM_UME3_Eco_Friendly_128GB-4669827.html
USB Flash Drive GoodRAM UME3 Eco Friendly 64GB,USB 3.2 Gen 1,64 Гб,60 Мб/с,https://komp.1k.by/storage-usbflashdrives/goodram/GoodRAM_UME3_Eco_Friendly_64GB-4669828.html
USB Flash Drive SmartBuy Dark Grey 16GB (SB16GBGS-DG),USB 3.2 Gen 1,16 Гб,,https://komp.1k.by/storage-usbflashdrives/smartbuy/SmartBuy_Dark_Grey_16GB_SB16GBGS_DG-4669848.html
USB Flash Drive SmartBuy Quartz 4GB (SB4GBQZ-K),USB 2.0,4 Гб,15 Мб/с,https://komp.1k.by/storage-usbflashdrives/smartbuy/SmartBuy_Quartz_4GB_SB4GBQZ_K-4669854.html
USB Flash Drive SmartBuy Glossy Green 8GB (SB8GBGS-G),USB 2.0,8 Гб,,https://komp.1k.by/storage-usbflashdrives/smartbuy/SmartBuy_Glossy_Green_8GB_SB8GBGS_G-4669858.html
USB Flash Drive SmartBuy Glossy Black 8GB (SB8GBGS-K),USB 2.0,8 Гб,,https://komp.1k.by/storage-usbflashdrives/smartbuy/SmartBuy_Glossy_Black_8GB_SB8GBGS_K-4669860.html
USB Flash Drive SmartBuy Glossy Green 32GB (SB32GBGS-G),USB 2.0,32 Гб,,https://komp.1k.by/storage-usbflashdrives/smartbuy/SmartBuy_Glossy_Green_32GB_SB32GBGS_G-4669863.html
USB Flash Drive SmartBuy Glossy Black 32GB (SB32GBGS-K),USB 2.0,32 Гб,,https://komp.1k.by/storage-usbflashdrives/smartbuy/SmartBuy_Glossy_Black_32GB_SB32GBGS_K-4669864.html
USB Flash Drive Hoco UD10 USB3.0 16Gb,USB 3.2 Gen 1 Type-C,16 Гб,120 Мб/с,https://komp.1k.by/storage-usbflashdrives/hoco/Hoco_UD10_USB30_16Gb-4669879.html
USB Flash Drive Hoco UD11 128GB,USB 3.2 Gen 1,128 Гб,100 Мб/с,https://komp.1k.by/storage-usbflashdrives/hoco/Hoco_UD11_128GB-4669880.html
USB Flash Drive Hoco UD11 64GB,USB 3.2 Gen 1,64 Гб,100 Мб/с,https://komp.1k.by/storage-usbflashdrives/hoco/Hoco_UD11_64GB-4669882.html
USB Flash Drive Hoco UD4 16Gb,USB 2.0,16 Гб,30 Мб/с,https://komp.1k.by/storage-usbflashdrives/hoco/Hoco_UD4_16Gb-4669941.html
USB Flash Drive Hoco UD5 Wisdom 64GB,USB 3.0,64 Гб,90 Мб/с,https://komp.1k.by/storage-usbflashdrives/hoco/Hoco_UD5_Wisdom_64GB-4669946.html
USB Flash Drive Hoco UD6 128GB,USB 2.0,128 Гб,30 Мб/с,https://komp.1k.by/storage-usbflashdrives/hoco/Hoco_UD6_128GB-4669947.html
USB Flash Drive Hoco UD6 32GB,USB 2.0,32 Гб,30 Мб/с,https://komp.1k.by/storage-usbflashdrives/hoco/Hoco_UD6_32GB-4669949.html
USB Flash Drive Hoco UD8 32GB,USB 3.2 Gen 1 Type-C,32 Гб,100 Мб/с,https://komp.1k.by/storage-usbflashdrives/hoco/Hoco_UD8_32GB-4669955.html
USB Flash Drive Hoco UD9 4GB,USB 2.0,4 Гб,25 Мб/с,https://komp.1k.by/storage-usbflashdrives/hoco/Hoco_UD9_4GB-4669959.html
USB Flash Drive Hoco UD9 8GB,USB 2.0,8 Гб,25 Мб/с,https://komp.1k.by/storage-usbflashdrives/hoco/Hoco_UD9_8GB-4669961.html
USB Flash Drive Hoco UD9 32GB,USB 2.0,32 Гб,25 Мб/с,https://komp.1k.by/storage-usbflashdrives/hoco/Hoco_UD9_32GB-4669964.html
USB Flash Drive Hoco UD9 128GB,USB 2.0,128 Гб,25 Мб/с,https://komp.1k.by/storage-usbflashdrives/hoco/Hoco_UD9_128GB-4669965.html
USB Flash Drive Kingston DataTraveler Micro USB 3.2 Gen 1 64GB,USB 3.2 Gen 2,64 Гб,200 Мб/с,https://komp.1k.by/storage-usbflashdrives/kingston/Kingston_DataTraveler_Micro_USB_32_Gen_1_64GB-4669971.html
USB Flash Drive Kingston DataTraveler Micro USB 3.2 Gen 1 128GB,USB 3.2 Gen 2,128 Гб,200 Мб/с,https://komp.1k.by/storage-usbflashdrives/kingston/Kingston_DataTraveler_Micro_USB_32_Gen_1_128GB-4669978.html
USB Flash Drive Kingston DataTraveler MicroDuo 3C USB 3.2 Gen 1 128GB,USB 3.2 Gen 1,128 Гб,200 Мб/с,https://komp.1k.by/storage-usbflashdrives/kingston/Kingston_DataTraveler_MicroDuo_3C_USB_32_Gen_1_128GB-4669991.html
USB Flash Drive Netac UM1 USB3.2 Highspeed Flash Drive 32GB,USB 3.2 Gen 2,32 Гб,,https://komp.1k.by/storage-usbflashdrives/netac/Netac_UM1_USB32_Highspeed_Flash_Drive_32GB-4670008.html
USB Flash Drive Netac UM1 USB3.2 Highspeed Flash Drive 16GB,USB 3.2 Gen 2,16 Гб,,https://komp.1k.by/storage-usbflashdrives/netac/Netac_UM1_USB32_Highspeed_Flash_Drive_16GB-4670010.html
USB Flash Drive ADATA UV250 64GB,USB 2.0,64 Гб,,https://komp.1k.by/storage-usbflashdrives/adata/ADATA_UV250_64GB-4727082.html
USB Flash Drive ADATA UV250 32GB,USB 2.0,32 Гб,,https://komp.1k.by/storage-usbflashdrives/adata/ADATA_UV250_32GB-4727083.html
USB Flash Drive GoodRAM UPI2 64GB,USB 2.0,64 Гб,20 Мб/с,https://komp.1k.by/storage-usbflashdrives/goodram/GoodRAM_UPI2_64GB-4727087.html
USB Flash Drive Hikvision HS-USB-M200R USB2.0 16GB,USB 2.0,16 Гб,30 Мб/с,https://komp.1k.by/storage-usbflashdrives/hikvision/Hikvision_HS_USB_M200R_USB20_16GB-4727092.html
USB Flash Drive Hikvision HS-USB-M200S USB2.0 16GB,USB 2.0,16 Гб,20 Мб/с,https://komp.1k.by/storage-usbflashdrives/hikvision/Hikvision_HS_USB_M200S_USB20_16GB-4727093.html
USB Flash Drive Hikvision HS-USB-M210P/16G/U3 16GB,USB 3.2 Gen 1,16 Гб,60 Мб/с,https://komp.1k.by/storage-usbflashdrives/hikvision/Hikvision_HS_USB_M210P16GU3_16GB-4727095.html
USB Flash Drive Kingston DataTraveler 80 M 64GB,USB 3.2 Gen 1 Type-C,128 Гб,200 Мб/с,https://komp.1k.by/storage-usbflashdrives/kingston/Kingston_DataTraveler_80_M_64GB-4727101.html
USB Flash Drive Kingston DataTraveler Exodia Onyx 256GB,USB 3.2 Gen 1,256 Гб,,https://komp.1k.by/storage-usbflashdrives/kingston/Kingston_DataTraveler_Exodia_Onyx_256GB-4727105.html
USB Flash Drive MAXVI MK 128GB,USB 2.0,128 Гб,,https://komp.1k.by/storage-usbflashdrives/maxvi/MAXVI_MK_128GB-4727109.html
USB Flash Drive MAXVI MK 16GB,USB 2.0,16 Гб,,https://komp.1k.by/storage-usbflashdrives/maxvi/MAXVI_MK_16GB-4727110.html
USB Flash Drive MAXVI MK 32GB,USB 2.0,32 Гб,,https://komp.1k.by/storage-usbflashdrives/maxvi/MAXVI_MK_32GB-4727111.html
USB Flash Drive MAXVI MM 64GB,USB 2.0,64 Гб,,https://komp.1k.by/storage-usbflashdrives/maxvi/MAXVI_MM_64GB-4727118.html
USB Flash Drive MAXVI MR 128GB,USB 2.0,128 Гб,,https://komp.1k.by/storage-usbflashdrives/maxvi/MAXVI_MR_128GB-4727119.html
USB Flash Drive MAXVI MR 32GB,USB 2.0,32 Гб,,https://komp.1k.by/storage-usbflashdrives/maxvi/MAXVI_MR_32GB-4727123.html
USB Flash Drive MAXVI MR 64GB,USB 2.0,64 Гб,,https://komp.1k.by/storage-usbflashdrives/maxvi/MAXVI_MR_64GB-4727125.html
USB Flash Drive MAXVI MR 8GB,USB 2.0,8 Гб,,https://komp.1k.by/storage-usbflashdrives/maxvi/MAXVI_MR_8GB-4727126.html
USB Flash Drive MAXVI SF 128GB,USB 2.0,128 Гб,,https://komp.1k.by/storage-usbflashdrives/maxvi/MAXVI_SF_128GB-4727128.html
USB Flash Drive MAXVI SF 16GB,USB 2.0,16 Гб,,https://komp.1k.by/storage-usbflashdrives/maxvi/MAXVI_SF_16GB-4727131.html
USB Flash Drive MAXVI SF 32GB,USB 2.0,32 Гб,,https://komp.1k.by/storage-usbflashdrives/maxvi/MAXVI_SF_32GB-4727132.html
USB Flash Drive MAXVI SF 64GB,USB 2.0,64 Гб,,https://komp.1k.by/storage-usbflashdrives/maxvi/MAXVI_SF_64GB-4727133.html
USB Flash Drive MAXVI SF 8GB,USB 2.0,8 Гб,,https://komp.1k.by/storage-usbflashdrives/maxvi/MAXVI_SF_8GB-4727134.html
USB Flash Drive Netac U182 128GB,USB 3.0,128 Гб,,https://komp.1k.by/storage-usbflashdrives/netac/Netac_U182_128GB-4727197.html
USB Flash Drive Netac U182 512GB,USB 3.0,512 Гб,,https://komp.1k.by/storage-usbflashdrives/netac/Netac_U182_512GB-4727198.html
USB Flash Drive Netac UA31 128GB,USB 3.2 Gen 2,128 Гб,,https://komp.1k.by/storage-usbflashdrives/netac/Netac_UA31_128GB-4727199.html
USB Flash Drive Netac UA31 64GB,USB 3.2 Gen 2,64 Гб,,https://komp.1k.by/storage-usbflashdrives/netac/Netac_UA31_64GB-4727200.html
USB Flash Drive Netac UA31 256GB,USB 3.2 Gen 2,256 Гб,,https://komp.1k.by/storage-usbflashdrives/netac/Netac_UA31_256GB-4727201.html
USB Flash Drive Netac U185 USB 3.0 128GB NT03U185N-128G-30WH,USB 3.2 Gen 1,128 Гб,,https://komp.1k.by/storage-usbflashdrives/netac/Netac_U185_USB_30_128GB_NT03U185N_128G_30WH-4727203.html
USB Flash Drive Netac U185 USB 3.0 32GB NT03U185N-032G-30WH,USB 3.2 Gen 1,32 Гб,,https://komp.1k.by/storage-usbflashdrives/netac/Netac_U185_USB_30_32GB_NT03U185N_032G_30WH-4727205.html
USB Flash Drive Netac U185 USB 3.0 512GB NT03U185N-512G-30WH,USB 3.2 Gen 1,512 Гб,,https://komp.1k.by/storage-usbflashdrives/netac/Netac_U185_USB_30_512GB_NT03U185N_512G_30WH-4727206.html
USB Flash Drive Netac U185 USB 2.0 16GB NT03U185N-016G-20WH,USB 2.0,16 Гб,,https://komp.1k.by/storage-usbflashdrives/netac/Netac_U185_USB_20_16GB_NT03U185N_016G_20WH-4727208.html
USB Flash Drive Netac U185 USB 2.0 8GB NT03U185N-008G-20WH,USB 2.0,8 Гб,,https://komp.1k.by/storage-usbflashdrives/netac/Netac_U185_USB_20_8GB_NT03U185N_008G_20WH-4727209.html
USB Flash Drive Netac U197 128GB,USB 2.0,128 Гб,,https://komp.1k.by/storage-usbflashdrives/netac/Netac_U197_128GB-4727210.html
USB Flash Drive Netac U197 32GB,USB 2.0,32 Гб,,https://komp.1k.by/storage-usbflashdrives/netac/Netac_U197_32GB-4727233.html
USB Flash Drive Netac U197 8GB,USB 2.0,8 Гб,,https://komp.1k.by/storage-usbflashdrives/netac/Netac_U197_8GB-4727241.html
USB Flash Drive Netac U505 USB 3.0 FlashDrive Netac 256GB,USB 3.2 Gen 1,256 Гб,,https://komp.1k.by/storage-usbflashdrives/netac/Netac_U505_USB_30_FlashDrive_Netac_256GB-4727243.html
USB Flash Drive Netac U505 USB 3.0 FlashDrive Netac 32GB,USB 3.2 Gen 1,32 Гб,,https://komp.1k.by/storage-usbflashdrives/netac/Netac_U505_USB_30_FlashDrive_Netac_32GB-4727245.html
USB Flash Drive Netac U505 USB 3.0 FlashDrive Netac 128GB,USB 3.2 Gen 1,128 Гб,,https://komp.1k.by/storage-usbflashdrives/netac/Netac_U505_USB_30_FlashDrive_Netac_128GB-4727248.html
USB Flash Drive Netac U505 USB 2.0 64GB NT03U505N-064G-20BK,USB 2.0,64 Гб,90 Мб/с,https://komp.1k.by/storage-usbflashdrives/netac/Netac_U505_USB_20_64GB_NT03U505N_064G_20BK-4727249.html
USB Flash Drive Netac UM81 32GB,USB 2.0,32 Гб,,https://komp.1k.by/storage-usbflashdrives/netac/Netac_UM81_32GB-4727251.html
USB Flash Drive Netac UM81 64GB,USB 2.0,64 Гб,,https://komp.1k.by/storage-usbflashdrives/netac/Netac_UM81_64GB-4727255.html
USB Flash Drive Netac U275 8GB NT03U275N-008G-20SL,USB 2.0,8 Гб,,https://komp.1k.by/storage-usbflashdrives/netac/Netac_U275_8GB_NT03U275N_008G_20SL-4727259.html
USB Flash Drive Netac U278 16GB NT03U278N-016G-30PN,USB 3.2 Gen 1,16 Гб,,https://komp.1k.by/storage-usbflashdrives/netac/Netac_U278_16GB_NT03U278N_016G_30PN-4727260.html
USB Flash Drive Netac U352 16GB NT03U352N-016G-20PN,USB 2.0,16 Гб,,https://komp.1k.by/storage-usbflashdrives/netac/Netac_U352_16GB_NT03U352N_016G_20PN-4727263.html
USB Flash Drive Netac U785C 64GB,USB 3.2 Gen 1/Type-C,64 Гб,,https://komp.1k.by/storage-usbflashdrives/netac/Netac_U785C_64GB-4727266.html
USB Flash Drive Netac UM2 USB2.0 16GB,USB 2.0,16 Гб,,https://komp.1k.by/storage-usbflashdrives/netac/Netac_UM2_USB20_16GB-4727267.html
USB Flash Drive Netac UM2 USB2.0 64GB,USB 2.0,64 Гб,,https://komp.1k.by/storage-usbflashdrives/netac/Netac_UM2_USB20_64GB-4727269.html
USB Flash Drive Netac UM2 USB3.2 128GB,USB 3.2 Gen 1,128 Гб,,https://komp.1k.by/storage-usbflashdrives/netac/Netac_UM2_USB32_128GB-4727270.html
USB Flash Drive Netac UM2 USB3.2 32GB,USB 3.2 Gen 1,32 Гб,,https://komp.1k.by/storage-usbflashdrives/netac/Netac_UM2_USB32_32GB-4727271.html
USB Flash Drive Netac UM2 USB3.2 64GB,USB 3.2 Gen 1,64 Гб,,https://komp.1k.by/storage-usbflashdrives/netac/Netac_UM2_USB32_64GB-4727272.html
USB Flash Drive SmartBuy Clue 16GB,USB 2.0,16 Гб,15 Мб/с,https://komp.1k.by/storage-usbflashdrives/smartbuy/SmartBuy_Clue_16GB-4727280.html
USB Flash Drive SmartBuy Clue 32GB,USB 2.0,32 Гб,15 Мб/с,https://komp.1k.by/storage-usbflashdrives/smartbuy/SmartBuy_Clue_32GB-4727286.html
USB Flash Drive SmartBuy Clue 64GB,USB 2.0,64 Гб,15 Мб/с,https://komp.1k.by/storage-usbflashdrives/smartbuy/SmartBuy_Clue_64GB-4727290.html
USB Flash Drive SmartBuy Clue 8GB,USB 2.0,8 Гб,15 Мб/с,https://komp.1k.by/storage-usbflashdrives/smartbuy/SmartBuy_Clue_8GB-4727294.html
USB Flash Drive SanDisk Ultra Curve 3.2 128GB,USB 3.2 Gen 1,128 Гб,100 Мб/с,https://komp.1k.by/storage-usbflashdrives/sandisk/SanDisk_Ultra_Curve_32_128GB-4727304.html
USB Flash Drive SanDisk Ultra Curve 3.2 32GB,USB 3.2 Gen 1,32 Гб,100 Мб/с,https://komp.1k.by/storage-usbflashdrives/sandisk/SanDisk_Ultra_Curve_32_32GB-4727306.html
USB Flash Drive SanDisk Ultra Curve 3.2 64GB,USB 3.2 Gen 1,64 Гб,100 Мб/с,https://komp.1k.by/storage-usbflashdrives/sandisk/SanDisk_Ultra_Curve_32_64GB-4727307.html
USB Flash Drive Borofone BUD3 USB3.0 32GB,USB 3.2 Gen 1/Type-C,32 Гб,120 Мб/с,https://komp.1k.by/storage-usbflashdrives/borofone/Borofone_BUD3_USB30_32GB-4727320.html
USB Flash Drive Borofone BUD3 USB3.0 64GB,USB 3.2 Gen 1/Type-C,64 Гб,120 Мб/с,https://komp.1k.by/storage-usbflashdrives/borofone/Borofone_BUD3_USB30_64GB-4727322.html
USB Flash Drive Borofone BUD4 USB3.0 64GB,USB 3.0,64 Гб,70 Мб/с,https://komp.1k.by/storage-usbflashdrives/borofone/Borofone_BUD4_USB30_64GB-4727326.html
USB Flash Drive Silicon Power Blaze B07 32GB,USB 3.2 Gen 1,32 Гб,,https://komp.1k.by/storage-usbflashdrives/siliconpower/Silicon_Power_Blaze_B07_32GB-4727338.html
USB Flash Drive Silicon Power Blaze B07 64GB,USB 3.2 Gen 1,64 Гб,,https://komp.1k.by/storage-usbflashdrives/siliconpower/Silicon_Power_Blaze_B07_64GB-4727339.html
USB Flash Drive Samsung USB-C 3.1 2022 64GB,USB 3.2 Gen 1 Type-C,64 Гб,400 Мб/с,https://komp.1k.by/storage-usbflashdrives/samsung/Samsung_USB_C_31_2022_64GB-4727343.html
USB Flash Drive Perfeo E01 32GB,USB 2.0,32 Гб,,https://komp.1k.by/storage-usbflashdrives/perfeo/Perfeo_E01_32GB-4727355.html
USB Flash Drive ADATA UE800 128GB,USB 3.2 Gen 2 Type-C,128 Гб,1 000 Мб/с,https://komp.1k.by/storage-usbflashdrives/adata/ADATA_UE800_128GB-4786899.html
USB Flash Drive Netac U782C USB3.0+TypeC Dual 512GB,USB 3.2 Gen 1/Type-C,512 Гб,,https://komp.1k.by/storage-usbflashdrives/netac/Netac_U782C_USB30TypeC_Dual_512GB-4786915.html
USB Flash Drive Netac US11 256GB NT03US11C-256G-32BK,USB 3.2 Gen 1/Type-C,256 Гб,,https://komp.1k.by/storage-usbflashdrives/netac/Netac_US11_256GB_NT03US11C_256G_32BK-4786918.html
USB Flash Drive Netac US11 32GB NT03US11C-032G-32BK,USB 3.2 Gen 1/Type-C,32 Гб,,https://komp.1k.by/storage-usbflashdrives/netac/Netac_US11_32GB_NT03US11C_032G_32BK-4786919.html
USB Flash Drive Netac US5 128GB NT03US5C-128G-32TA,USB 3.2 Gen 2 Type-C,128 Гб,,https://komp.1k.by/storage-usbflashdrives/netac/Netac_US5_128GB_NT03US5C_128G_32TA-4786920.html
USB Flash Drive Netac US5 512GB NT03US5C-512G-32TA ,USB 3.2 Gen 2 Type-C,512 Гб,,https://komp.1k.by/storage-usbflashdrives/netac/Netac_US5_512GB_NT03US5C_512G_32TA-4786925.html
USB Flash Drive SanDisk Extreme PRO 1TB,USB 3.2 Gen 1,1 024 Гб,420 Мб/с,https://komp.1k.by/storage-usbflashdrives/sandisk/SanDisk_Extreme_PRO_1TB-4786927.html
USB Flash Drive SanDisk iXpand Flip 128GB,USB 3.2 Gen 1/Lightning,256 Гб,,https://komp.1k.by/storage-usbflashdrives/sandisk/SanDisk_iXpand_Flip_128GB-4786928.html
USB Flash Drive SanDisk iXpand Flip 256GB,USB 3.2 Gen 1/Lightning,128 Гб,,https://komp.1k.by/storage-usbflashdrives/sandisk/SanDisk_iXpand_Flip_256GB-4786929.html
USB Flash Drive SanDisk iXpand Go 128GB (SDIX60N-128G-GN6NE),USB 3.2 Gen 1/Lightning,128 Гб,,https://komp.1k.by/storage-usbflashdrives/sandisk/SanDisk_iXpand_Go_128GB_SDIX60N_128G_GN6NE-4786930.html
USB Flash Drive SanDisk Ultra Dual Drive Go Type-C 512GB (SDDDC3-512G-G46),USB 3.1/USB Type-C,512 Гб,150 Мб/с,https://komp.1k.by/storage-usbflashdrives/sandisk/SanDisk_Ultra_Dual_Drive_Go_Type_C_512GB_SDDDC3_512G_G46-4786931.html
USB Flash Drive SanDisk Ultra Dual Drive Luxe USB/Type-C 512GB (SDDDC4-512G-G46),USB 3.1/USB Type-C,512 Гб,150 Мб/с,https://komp.1k.by/storage-usbflashdrives/sandisk/SanDisk_Ultra_Dual_Drive_Luxe_USBType_C_512GB_SDDDC4_512G_G46-4786932.html
USB Flash Drive SanDisk Ultra Eco USB 3.2 128GB,USB 3.2 Gen 1,128 Гб,,https://komp.1k.by/storage-usbflashdrives/sandisk/SanDisk_Ultra_Eco_USB_32_128GB-4786933.html
USB Flash Drive SanDisk Ultra Eco USB 3.2 256GB,USB 3.2 Gen 1,256 Гб,,https://komp.1k.by/storage-usbflashdrives/sandisk/SanDisk_Ultra_Eco_USB_32_256GB-4786935.html
USB Flash Drive SanDisk Ultra Eco USB 3.2 512GB,USB 3.2 Gen 1,512 Гб,,https://komp.1k.by/storage-usbflashdrives/sandisk/SanDisk_Ultra_Eco_USB_32_512GB-4786936.html
USB Flash Drive SmartBuy M5 128GB,USB 3.2 Gen 2 Type-C,128 Гб,510 Мб/с,https://komp.1k.by/storage-usbflashdrives/smartbuy/SmartBuy_M5_128GB-4786939.html
USB Flash Drive SmartBuy M5 1TB,USB 3.2 Gen 2 Type-C,1 024 Гб,510 Мб/с,https://komp.1k.by/storage-usbflashdrives/smartbuy/SmartBuy_M5_1TB-4786941.html
USB Flash Drive Smart Buy Scout 32GB (SB032GB2SCK),USB 2.0,32 Гб,15 Мб/с,https://komp.1k.by/storage-usbflashdrives/smartbuy/Smart_Buy_Scout_32GB_SB032GB2SCK-4786950.html
USB Flash Drive Smart Buy Scout 64GB (SB064GB2SCK),USB 2.0,64 Гб,15 Мб/с,https://komp.1k.by/storage-usbflashdrives/smartbuy/Smart_Buy_Scout_64GB_SB064GB2SCK-4786951.html
USB Flash Drive Smart Buy Scout 32GB (SB032GB2SCB),USB 2.0,32 Гб,15 Мб/с,https://komp.1k.by/storage-usbflashdrives/smartbuy/Smart_Buy_Scout_32GB_SB032GB2SCB-4786952.html
USB Flash Drive Smart Buy Scout 32GB (SB032GB2SCR),USB 2.0,32 Гб,15 Мб/с,https://komp.1k.by/storage-usbflashdrives/smartbuy/Smart_Buy_Scout_32GB_SB032GB2SCR-4786953.html
USB Flash Drive Smart Buy Scout 64GB (SB064GB2SCR),USB 2.0,64 Гб,15 Мб/с,https://komp.1k.by/storage-usbflashdrives/smartbuy/Smart_Buy_Scout_64GB_SB064GB2SCR-4786955.html
USB Flash Drive Smart Buy Twist 64GB (SB064GB2TWK),USB 2.0,64 Гб,15 Мб/с,https://komp.1k.by/storage-usbflashdrives/smartbuy/Smart_Buy_Twist_64GB_SB064GB2TWK-4786957.html
USB Flash Drive Smart Buy Twist 32GB (SB032GB2TWP),USB 2.0,32 Гб,15 Мб/с,https://komp.1k.by/storage-usbflashdrives/smartbuy/Smart_Buy_Twist_32GB_SB032GB2TWP-4786958.html
USB Flash Drive Smart Buy Twist 64GB (SB064GB2TWY),USB 2.0,64 Гб,15 Мб/с,https://komp.1k.by/storage-usbflashdrives/smartbuy/Smart_Buy_Twist_64GB_SB064GB2TWY-4786964.html
USB Flash Drive Hikvision HS-USB-M200S USB3.0 128GB,USB 3.0,128 Гб,,https://komp.1k.by/storage-usbflashdrives/hikvision/Hikvision_HS_USB_M200S_USB30_128GB-4786997.html
USB Flash Drive Hikvision HS-USB-M200S USB3.0 16GB,USB 3.0,16 Гб,,https://komp.1k.by/storage-usbflashdrives/hikvision/Hikvision_HS_USB_M200S_USB30_16GB-4787000.html
USB Flash Drive ADATA UE800 512GB,USB 3.2 Gen 2 Type-C,512 Гб,1 000 Мб/с,https://komp.1k.by/storage-usbflashdrives/adata/ADATA_UE800_512GB-4810487.html
USB Flash Drive ADATA DashDrive UV150 256GB,USB 3.2 Gen 1,256 Гб,,https://komp.1k.by/storage-usbflashdrives/adata/ADATA_DashDrive_UV150_256GB-4810488.html
USB Flash Drive Digma Drive 2 128GB DGFUM128A20SR,USB 2.0,128 Гб,20 Мб/с,https://komp.1k.by/storage-usbflashdrives/digma/Digma_Drive_2_128GB_DGFUM128A20SR-4810489.html
USB Flash Drive Hikvision HS-USB-M210P/64G 64GB,USB 2.0,64 Гб,20 Мб/с,https://komp.1k.by/storage-usbflashdrives/hikvision/Hikvision_HS_USB_M210P64G_64GB-4810491.html
USB Flash Drive Hikvision HS-USB-M210P/8G 8GB,USB 2.0,8 Гб,20 Мб/с,https://komp.1k.by/storage-usbflashdrives/hikvision/Hikvision_HS_USB_M210P8G_8GB-4810492.html
USB Flash Drive Samsung USB-C 3.1 2022 256GB,USB 3.2 Gen 1 Type-C,256 Гб,400 Мб/с,https://komp.1k.by/storage-usbflashdrives/samsung/Samsung_USB_C_31_2022_256GB-4810493.html
USB Flash Drive ADATA UR340 USB3.2 64GB (AROY-UR340-64GBK),USB 3.2 Gen 1,64 Гб,,https://komp.1k.by/storage-usbflashdrives/adata/ADATA_UR340_USB32_64GB_AROY_UR340_64GBK-4810494.html
USB Flash Drive MAXVI MK2 16GB ,USB 2.0,16 Гб,,https://komp.1k.by/storage-usbflashdrives/maxvi/MAXVI_MK2_16GB-4810498.html
USB Flash Drive MAXVI MP 128GB ,USB 2.0,128 Гб,,https://komp.1k.by/storage-usbflashdrives/maxvi/MAXVI_MP_128GB-4810499.html
USB Flash Drive MAXVI MP 32GB,USB 2.0,32 Гб,,https://komp.1k.by/storage-usbflashdrives/maxvi/MAXVI_MP_32GB-4810500.html
USB Flash Drive MAXVI MP 64GB,USB 2.0,64 Гб,,https://komp.1k.by/storage-usbflashdrives/maxvi/MAXVI_MP_64GB-4810501.html
USB Flash Drive ADATA UC300 128GB,USB 3.2 Gen 1 Type-C,128 Гб,100 Мб/с,https://komp.1k.by/storage-usbflashdrives/adata/ADATA_UC300_128GB-4902634.html
USB Flash Drive ADATA UC300 256GB,USB 3.2 Gen 1 Type-C,256 Гб,100 Мб/с,https://komp.1k.by/storage-usbflashdrives/adata/ADATA_UC300_256GB-4902641.html
USB Flash Drive ADATA UC300 32GB,USB 3.2 Gen 1 Type-C,32 Гб,100 Мб/с,https://komp.1k.by/storage-usbflashdrives/adata/ADATA_UC300_32GB-4902642.html
USB Flash Drive ADATA UC300 64GB,USB 3.2 Gen 1 Type-C,64 Гб,100 Мб/с,https://komp.1k.by/storage-usbflashdrives/adata/ADATA_UC300_64GB-4902643.html
USB Flash Drive ADATA UC310 128GB,USB 3.2 Gen 2,128 Гб,100 Мб/с,https://komp.1k.by/storage-usbflashdrives/adata/ADATA_UC310_128GB-4902644.html
USB Flash Drive ADATA UR340 128GB,USB 3.2 Gen 1,128 Гб,100 Мб/с,https://komp.1k.by/storage-usbflashdrives/adata/ADATA_UR340_128GB-4902647.html
USB Flash Drive ADATA UV250 16GB,USB 2.0,16 Гб,,https://komp.1k.by/storage-usbflashdrives/adata/ADATA_UV250_16GB-4902650.html
USB Flash Drive Hikvision HS-USB-M210P/16G 16GB,USB 2.0,16 Гб,20 Мб/с,https://komp.1k.by/storage-usbflashdrives/hikvision/Hikvision_HS_USB_M210P16G_16GB-4902661.html
USB Flash Drive Hikvision HS-USB-M200 USB2.0 32GB,USB 2.0,32 Гб,20 Мб/с,https://komp.1k.by/storage-usbflashdrives/hikvision/Hikvision_HS_USB_M200_USB20_32GB-4902663.html
USB Flash Drive Hoco UD13 128GB,USB 3.2 Gen 1,128 Гб,200 Мб/с,https://komp.1k.by/storage-usbflashdrives/hoco/Hoco_UD13_128GB-4902664.html
USB Flash Drive Hoco UD13 64GB,USB 3.2 Gen 1,64 Гб,200 Мб/с,https://komp.1k.by/storage-usbflashdrives/hoco/Hoco_UD13_64GB-4902665.html
USB Flash Drive MAXVI MP 16GB,USB 2.0,16 Гб,,https://komp.1k.by/storage-usbflashdrives/maxvi/MAXVI_MP_16GB-4902671.html
USB Flash Drive Mirex Color Blade Line 3.0 128GB 13600-FM3LB128,USB 3.2 Gen 1,128 Гб,,https://komp.1k.by/storage-usbflashdrives/mirex/Mirex_Color_Blade_Line_30_128GB_13600_FM3LB128-4902677.html
USB Flash Drive Mirex Color Blade Swivel 2.0 256GB,USB 2.0,256 Гб,,https://komp.1k.by/storage-usbflashdrives/mirex/Mirex_Color_Blade_Swivel_20_256GB-4902710.html
USB Flash Drive Mirex Color Blade Swivel Rubber 2.0 64GB 13600-FMURUS64,USB 2.0,64 Гб,,https://komp.1k.by/storage-usbflashdrives/mirex/Mirex_Color_Blade_Swivel_Rubber_20_64GB_13600_FMURUS64-4902733.html
USB Flash Drive Mirex Color Blade Swivel Rubber 2.0 8GB 13600-FMURUS08,USB 2.0,8 Гб,,https://komp.1k.by/storage-usbflashdrives/mirex/Mirex_Color_Blade_Swivel_Rubber_20_8GB_13600_FMURUS08-4902734.html
USB Flash Drive Mirex Color Blade Unit 3.0 32GB,USB 3.2 Gen 1,32 Гб,,https://komp.1k.by/storage-usbflashdrives/mirex/Mirex_Color_Blade_Unit_30_32GB-4902738.html
USB Flash Drive Mirex Intrendo Keeper 3.0 32GB 13600-IT3KEP32,USB 3.2 Gen 1,32 Гб,,https://komp.1k.by/storage-usbflashdrives/mirex/Mirex_Intrendo_Keeper_30_32GB_13600_IT3KEP32-4902756.html
USB Flash Drive Netac UA31 USB 2.0 32GB,USB 2.0,32 Гб,,https://komp.1k.by/storage-usbflashdrives/netac/Netac_UA31_USB_20_32GB-4902775.html
USB Flash Drive Netac U116 USB2.0 4GB NT03U116N-004G-20WH,USB 2.0,4 Гб,,https://komp.1k.by/storage-usbflashdrives/netac/Netac_U116_USB20_4GB_NT03U116N_004G_20WH-4902783.html
USB Flash Drive Netac U197 USB2.0 4GB NT03U197N-004G-20BK,USB 2.0,4 Гб,,https://komp.1k.by/storage-usbflashdrives/netac/Netac_U197_USB20_4GB_NT03U197N_004G_20BK-4902787.html
USB Flash Drive Silicon Power Marvel M02 128GB,USB 3.2 Gen 1,128 Гб,,https://komp.1k.by/storage-usbflashdrives/siliconpower/Silicon_Power_Marvel_M02_128GB-4902824.html
USB Flash Drive SmartBuy MC15 Metal Quad 256GB SB256GBMC15,USB 3.2 Gen 1 Type-A/Type-C/microUSB/Lightning,256 Гб,95 Мб/с,https://komp.1k.by/storage-usbflashdrives/smartbuy/SmartBuy_MC15_Metal_Quad_256GB_SB256GBMC15-4902842.html
USB Flash Drive SmartBuy Scout 16GB,USB 2.0,16 Гб,15 Мб/с,https://komp.1k.by/storage-usbflashdrives/smartbuy/SmartBuy_Scout_16GB-4902843.html
USB Flash Drive SmartBuy Scout 64GB SB064GB2SCW,USB 2.0,64 Гб,15 Мб/с,https://komp.1k.by/storage-usbflashdrives/smartbuy/SmartBuy_Scout_64GB_SB064GB2SCW-4902849.html
USB Flash Drive SmartBuy Scout 64GB SB064GB2SCB,USB 2.0,64 Гб,15 Мб/с,https://komp.1k.by/storage-usbflashdrives/smartbuy/SmartBuy_Scout_64GB_SB064GB2SCB-4902851.html
USB Flash Drive SmartBuy Scout 8GB,USB 2.0,8 Гб,15 Мб/с,https://komp.1k.by/storage-usbflashdrives/smartbuy/SmartBuy_Scout_8GB-4902852.html
USB Flash Drive GoPower Mini 16GB USB2.0 00-00027357,USB 2.0,16 Гб,25 Мб/с,https://komp.1k.by/storage-usbflashdrives/gopower/GoPower_Mini_16GB_USB20_00_00027357-4902855.html
USB Flash Drive GoPower Mini 64GB USB3.0 00-00027359,USB 2.0,64 Гб,25 Мб/с,https://komp.1k.by/storage-usbflashdrives/gopower/GoPower_Mini_64GB_USB30_00_00027359-4902858.html
USB Flash Drive GoPower Slider 32GB USB2.0 00-00025964,USB 2.0,32 Гб,25 Мб/с,https://komp.1k.by/storage-usbflashdrives/gopower/GoPower_Slider_32GB_USB20_00_00025964-4902860.html
USB Flash Drive GoPower Slider 4GB USB2.0 00-00025961,USB 2.0,4 Гб,25 Мб/с,https://komp.1k.by/storage-usbflashdrives/gopower/GoPower_Slider_4GB_USB20_00_00025961-4902861.html
USB Flash Drive ADATA UC310 Eco 64GB UC310E-64G-RGN,USB 3.2 Gen 1,64 Гб,100 Мб/с,https://komp.1k.by/storage-usbflashdrives/adata/ADATA_UC310_Eco_64GB_UC310E_64G_RGN-4902872.html
USB Flash Drive Borofone BUD4 USB3.0 128GB,USB 3.0,128 Гб,70 Мб/с,https://komp.1k.by/storage-usbflashdrives/borofone/Borofone_BUD4_USB30_128GB-4902875.html
USB Flash Drive Qumo Cosmos Dark 2.0 32GB QM32GUD-Cos-d Q19582,USB 2.0,32 Гб,35 Мб/с,https://komp.1k.by/storage-usbflashdrives/qumo/Qumo_Cosmos_Dark_20_32GB_QM32GUD_Cos_d_Q19582-4902898.html
USB Flash Drive Kingston DataTraveler microDuo 3C 128GB,USB 3.1/USB Type-C,128 Гб,100 Мб/с,https://komp.1k.by/storage-usbflashdrives/kingston/Kingston_DataTraveler_microDuo_3C_128GB-3678371.html
USB Flash Drive Kingston DataTraveler 70 32GB,"USB 2.0/USB Type-C, USB 3.2 Gen 1",32 Гб,,https://komp.1k.by/storage-usbflashdrives/kingston/Kingston_DataTraveler_70_32GB-4489197.html
USB Flash Drive Netac UM81 16GB,USB 2.0,16 Гб,,https://komp.1k.by/storage-usbflashdrives/netac/Netac_UM81_16GB-4727253.html
USB Flash Drive SmartBuy M5 512GB,USB 3.2 Gen 2 Type-C,512 Гб,510 Мб/с,https://komp.1k.by/storage-usbflashdrives/smartbuy/SmartBuy_M5_512GB-4786943.html
USB Flash Drive SanDisk Ultra Dual Drive Go Type-C 64GB,USB 3.1/USB Type-C,64 Гб,150 Мб/с,https://komp.1k.by/storage-usbflashdrives/sandisk/SanDisk_Ultra_Dual_Drive_Go_Type_C_64GB-4490338.html
USB Flash Drive Netac UM1 USB3.2 Highspeed Flash Drive 64GB (NT03UM1N-064G-32PN),USB 3.2 Gen 2,64 Гб,,https://komp.1k.by/storage-usbflashdrives/netac/Netac_UM1_USB32_Highspeed_Flash_Drive_64GB_NT03UM1N_064G_32PN-4670007.html
USB Flash Drive Netac U185 USB 3.0 256GB NT03U185N-256G-30WH,USB 3.2 Gen 1,256 Гб,,https://komp.1k.by/storage-usbflashdrives/netac/Netac_U185_USB_30_256GB_NT03U185N_256G_30WH-4727204.html
USB Flash Drive Netac US5 1TB NT03US5C-001T-32TA,USB 3.2 Gen 2 Type-C,1 024 Гб,,https://komp.1k.by/storage-usbflashdrives/netac/Netac_US5_1TB_NT03US5C_001T_32TA-4786923.html
USB Flash Drive Transcend JetFlash 700 16Gb,USB 3.0,16 Гб,75 Мб/с,https://komp.1k.by/storage-usbflashdrives/transcend/Transcend_JetFlash_700_16Gb-478869.html
USB Flash Drive Silicon Power Blaze B20 32GB,USB 3.0,32 Гб,,https://komp.1k.by/storage-usbflashdrives/siliconpower/Silicon_Power_Blaze_B20_32GB-843781.html
USB Flash Drive Sandisk Dual USB Drive Type-C 32GB,USB 3.0/USB Type-C,32 Гб,,https://komp.1k.by/storage-usbflashdrives/sandisk/Sandisk_Dual_USB_Drive_Type_C_32GB-2195335.html
USB Flash Drive Sandisk Cruzer Glide 3.0 64GB,USB 3.0,64 Гб,,https://komp.1k.by/storage-usbflashdrives/sandisk/Sandisk_Cruzer_Glide_30_64GB-2444977.html
USB Flash Drive SmartBuy Glossy USB 3.0 32GB,USB 3.0,32 Гб,70 Мб/с,https://komp.1k.by/storage-usbflashdrives/smartbuy/SmartBuy_Glossy_USB_30_32GB-3680401.html
USB Flash Drive Samsung USB 3.1 Flash Drive FIT Plus 256GB,USB 3.1,256 Гб,300 Мб/с,https://komp.1k.by/storage-usbflashdrives/samsung/Samsung_USB_31_Flash_Drive_FIT_Plus_256GB-3680501.html
USB Flash Drive Transcend JetFlash 920 256GB,USB 3.2 Gen 1,256 Гб,420 Мб/с,https://komp.1k.by/storage-usbflashdrives/transcend/Transcend_JetFlash_920_256GB-4488028.html
USB Flash Drive SanDisk Ultra Dual Drive Go Type-C 128GB,USB 3.1/USB Type-C,128 Гб,150 Мб/с,https://komp.1k.by/storage-usbflashdrives/sandisk/SanDisk_Ultra_Dual_Drive_Go_Type_C_128GB-4489205.html
USB Flash Drive Kingston DataTraveler Max Type-C (DTMAX/1TB) 1TB,USB 3.2 Gen 2 Type-C,1 024 Гб,1 000 Мб/с,https://komp.1k.by/storage-usbflashdrives/kingston/Kingston_DataTraveler_Max_Type_C_DTMAX1TB_1TB-4657443.html
USB Flash Drive Silicon Power Blaze B32 256GB,USB 3.2 Gen 1,256 Гб,,https://komp.1k.by/storage-usbflashdrives/siliconpower/Silicon_Power_Blaze_B32_256GB-4669747.html
USB Flash Drive Netac U116 16GB NT03U116N-016G-20WH,USB 2.0,16 Гб,,https://komp.1k.by/storage-usbflashdrives/netac/Netac_U116_16GB_NT03U116N_016G_20WH-4727257.html
USB Flash Drive Netac U351 256GB NT03U351N-256G-30BK,USB 3.2 Gen 1,256 Гб,,https://komp.1k.by/storage-usbflashdrives/netac/Netac_U351_256GB_NT03U351N_256G_30BK-4727261.html
USB Flash Drive Silicon Power ULTIMA II-I 16Gb,USB 2.0,16 Гб,,https://komp.1k.by/storage-usbflashdrives/siliconpower/Silicon_Power_ULTIMA_II_I_16Gb-148981.html
USB Flash Drive Sandisk Cruzer Blade 16Gb,USB 2.0,16 Гб,,https://komp.1k.by/storage-usbflashdrives/sandisk/Sandisk_Cruzer_Blade_16Gb-364111.html
USB Flash Drive Silicon Power Helios 101 32Gb,USB 2.0,32 Гб,,https://komp.1k.by/storage-usbflashdrives/siliconpower/Silicon_Power_Helios_101_32Gb-367424.html
USB Flash Drive ADATA C008 16GB,USB 2.0,16 Гб,,https://komp.1k.by/storage-usbflashdrives/adata/ADATA_C008_16GB-431107.html
USB Flash Drive ADATA C008 32GB,USB 2.0,32 Гб,,https://komp.1k.by/storage-usbflashdrives/adata/ADATA_C008_32GB-431849.html
USB Flash Drive ADATA C008 64GB,USB 2.0,64 Гб,,https://komp.1k.by/storage-usbflashdrives/adata/ADATA_C008_64GB-583636.html
USB Flash Drive SmartBuy V-Cut 4GB,USB 2.0,4 Гб,,https://komp.1k.by/storage-usbflashdrives/smartbuy/SmartBuy_V_Cut_4GB-664164.html
USB Flash Drive SmartBuy V-Cut 8GB,USB 2.0,8 Гб,,https://komp.1k.by/storage-usbflashdrives/smartbuy/SmartBuy_V_Cut_8GB-664262.html
USB Flash Drive SmartBuy Glossy 4GB,USB 2.0,4 Гб,,https://komp.1k.by/storage-usbflashdrives/smartbuy/SmartBuy_Glossy_4GB-674555.html
USB Flash Drive SmartBuy Glossy 16GB,USB 2.0,16 Гб,,https://komp.1k.by/storage-usbflashdrives/smartbuy/SmartBuy_Glossy_16GB-674572.html
USB Flash Drive SmartBuy V-Cut 32GB,USB 2.0,32 Гб,,https://komp.1k.by/storage-usbflashdrives/smartbuy/SmartBuy_V_Cut_32GB-692020.html
USB Flash Drive SmartBuy Crown 16GB,USB 2.0,16 Гб,,https://komp.1k.by/storage-usbflashdrives/smartbuy/SmartBuy_Crown_16GB-702893.html
USB Flash Drive SmartBuy Crown 32GB,USB 2.0,32 Гб,,https://komp.1k.by/storage-usbflashdrives/smartbuy/SmartBuy_Crown_32GB-702931.html
USB Flash Drive Silicon Power Ultima U03 16GB,USB 2.0,16 Гб,,https://komp.1k.by/storage-usbflashdrives/siliconpower/Silicon_Power_Ultima_U03_16GB-718441.html
USB Flash Drive Silicon Power Ultima U03 64GB,USB 2.0,64 Гб,,https://komp.1k.by/storage-usbflashdrives/siliconpower/Silicon_Power_Ultima_U03_64GB-778412.html
USB Flash Drive SmartBuy Dock 16GB,USB 2.0,16 Гб,,https://komp.1k.by/storage-usbflashdrives/smartbuy/SmartBuy_Dock_16GB-1279305.html
USB Flash Drive Mirex SWIVEL 32GB,USB 2.0,32 Гб,,https://komp.1k.by/storage-usbflashdrives/mirex/Mirex_SWIVEL_32GB-2073285.html
USB Flash Drive ADATA UV320 32GB,USB 3.1,32 Гб,,https://komp.1k.by/storage-usbflashdrives/adata/ADATA_UV320_32GB-3678783.html
USB Flash Drive Samsung BAR Plus 128GB,USB 3.1,128 Гб,300 Мб/с,https://komp.1k.by/storage-usbflashdrives/samsung/Samsung_BAR_Plus_128GB-3679213.html
USB Flash Drive Samsung BAR Plus 64GB,USB 3.1,64 Гб,200 Мб/с,https://komp.1k.by/storage-usbflashdrives/samsung/Samsung_BAR_Plus_64GB-3679215.html
USB Flash Drive Netac U352 USB 3.0 32GB,USB 3.0,32 Гб,,https://komp.1k.by/storage-usbflashdrives/netac/Netac_U352_USB_30_32GB-4256851.html
USB Flash Drive Kingston DataTraveler Max Type-C (DTMAX/256GB) 256GB,USB 3.2 Gen 2 Type-C,256 Гб,1 000 Мб/с,https://komp.1k.by/storage-usbflashdrives/kingston/Kingston_DataTraveler_Max_Type_C_DTMAX256GB_256GB-4657444.html
USB Flash Drive Netac US11 128GB NT03US11C-128G-32BK,USB 3.2 Gen 1/Type-C,128 Гб,,https://komp.1k.by/storage-usbflashdrives/netac/Netac_US11_128GB_NT03US11C_128G_32BK-4786916.html
USB Flash Drive MAXVI MP 8GB,USB 2.0,8 Гб,,https://komp.1k.by/storage-usbflashdrives/maxvi/MAXVI_MP_8GB-4902673.html
USB Flash Drive Mirex SWIVEL 4GB,USB 2.0,4 Гб,12 Мб/с,https://komp.1k.by/storage-usbflashdrives/mirex/Mirex_SWIVEL_4GB-602981.html
USB Flash Drive Mirex SWIVEL 8GB,USB 2.0,8 Гб,12 Мб/с,https://komp.1k.by/storage-usbflashdrives/mirex/Mirex_SWIVEL_8GB-602984.html
USB Flash Drive Sandisk Cruzer Blade 32Gb,USB 2.0,32 Гб,,https://komp.1k.by/storage-usbflashdrives/sandisk/Sandisk_Cruzer_Blade_32Gb-602992.html
USB Flash Drive Mirex SWIVEL RUBBER 4GB,USB 2.0,4 Гб,15 Мб/с,https://komp.1k.by/storage-usbflashdrives/mirex/Mirex_SWIVEL_RUBBER_4GB-607594.html
USB Flash Drive Silicon Power Ultima U03 32GB,USB 2.0,32 Гб,,https://komp.1k.by/storage-usbflashdrives/siliconpower/Silicon_Power_Ultima_U03_32GB-718437.html
USB Flash Drive Silicon Power ULTIMA II I-Series 64Gb,USB 2.0,64 Гб,,https://komp.1k.by/storage-usbflashdrives/siliconpower/Silicon_Power_ULTIMA_II_I_Series_64Gb-792283.html
USB Flash Drive Sandisk Cruzer Blade 64Gb,USB 2.0,64 Гб,,https://komp.1k.by/storage-usbflashdrives/sandisk/Sandisk_Cruzer_Blade_64Gb-879391.html
USB Flash Drive Transcend JetFlash 750 64Gb,USB 3.0,64 Гб,130 Мб/с,https://komp.1k.by/storage-usbflashdrives/transcend/Transcend_JetFlash_750_64Gb-1279077.html
USB Flash Drive Transcend JetFlash 750 32Gb,USB 3.0,32 Гб,130 Мб/с,https://komp.1k.by/storage-usbflashdrives/transcend/Transcend_JetFlash_750_32Gb-1279079.html
USB Flash Drive SmartBuy Dock 32GB,USB 2.0,32 Гб,,https://komp.1k.by/storage-usbflashdrives/smartbuy/SmartBuy_Dock_32GB-1279303.html
USB Flash Drive SmartBuy Quartz 4GB (SB4GBQZ-V),USB 2.0,4 Гб,15 Мб/с,https://komp.1k.by/storage-usbflashdrives/smartbuy/SmartBuy_Quartz_4GB_SB4GBQZ_V-1709165.html
USB Flash Drive ADATA UV210 64GB,USB 2.0,64 Гб,,https://komp.1k.by/storage-usbflashdrives/adata/ADATA_UV210_64GB-2582635.html
USB Flash Drive Sandisk Extreme PRO 128GB (SDCZ880-128G-G46),USB 3.1,128 Гб,420 Мб/с,https://komp.1k.by/storage-usbflashdrives/sandisk/Sandisk_Extreme_PRO_128GB_SDCZ880_128G_G46-3040411.html
USB Flash Drive Sandisk Ultra Dual Type-C 256GB (SDDDC2-256G-G46),USB 3.1/USB Type-C,256 Гб,150 Мб/с,https://komp.1k.by/storage-usbflashdrives/sandisk/Sandisk_Ultra_Dual_Type_C_256GB_SDDDC2_256G_G46-3040417.html
USB Flash Drive Sandisk Extreme Go 64GB (SDCZ800-064G-G46),USB 3.1,64 Гб,200 Мб/с,https://komp.1k.by/storage-usbflashdrives/sandisk/Sandisk_Extreme_Go_64GB_SDCZ800_064G_G46-3040421.html
USB Flash Drive SanDisk Ultra Flair USB 3.0 512GB,USB 3.0,512 Гб,150 Мб/с,https://komp.1k.by/storage-usbflashdrives/sandisk/SanDisk_Ultra_Flair_USB_30_512GB-4487977.html
USB Flash Drive Silicon Power Helios 202 128GB,USB 3.2 Gen 1,128 Гб,,https://komp.1k.by/storage-usbflashdrives/siliconpower/Silicon_Power_Helios_202_128GB-4488115.html
USB Flash Drive Kingston DataTraveler 70 64GB,"USB 2.0/USB Type-C, USB 3.2 Gen 1",64 Гб,,https://komp.1k.by/storage-usbflashdrives/kingston/Kingston_DataTraveler_70_64GB-4489195.html
USB Flash Drive Netac U197 64GB NT03U197N-064G-20BK,USB 2.0,64 Гб,,https://komp.1k.by/storage-usbflashdrives/netac/Netac_U197_64GB_NT03U197N_064G_20BK-4489296.html
USB Flash Drive Netac U185 USB 2.0 64GB NT03U185N-064G-20WH,USB 2.0,64 Гб,,https://komp.1k.by/storage-usbflashdrives/netac/Netac_U185_USB_20_64GB_NT03U185N_064G_20WH-4489298.html
USB Flash Drive Netac U116 64GB NT03U116N-064G-20WH,USB 2.0,64 Гб,,https://komp.1k.by/storage-usbflashdrives/netac/Netac_U116_64GB_NT03U116N_064G_20WH-4489305.html
USB Flash Drive Netac U326 64GB NT03U326N-064G-20PN,USB 2.0,64 Гб,,https://komp.1k.by/storage-usbflashdrives/netac/Netac_U326_64GB_NT03U326N_064G_20PN-4489341.html
USB Flash Drive Kingston DataTraveler Exodia M 128GB,USB 3.2 Gen 1,128 Гб,,https://komp.1k.by/storage-usbflashdrives/kingston/Kingston_DataTraveler_Exodia_M_128GB-4669702.html
USB Flash Drive Kingston DataTraveler Exodia M 256GB,USB 3.2 Gen 1,256 Гб,,https://komp.1k.by/storage-usbflashdrives/kingston/Kingston_DataTraveler_Exodia_M_256GB-4669705.html
USB Flash Drive Kingston DataTraveler MicroDuo 3C USB 3.2 Gen 1 256GB,USB 3.2 Gen 1,256 Гб,200 Мб/с,https://komp.1k.by/storage-usbflashdrives/kingston/Kingston_DataTraveler_MicroDuo_3C_USB_32_Gen_1_256GB-4669712.html
USB Flash Drive Kingston DataTraveler Exodia Onyx 64GB,USB 3.2 Gen 1,128 Гб,,https://komp.1k.by/storage-usbflashdrives/kingston/Kingston_DataTraveler_Exodia_Onyx_64GB-4727106.html
USB Flash Drive Netac U185 USB 2.0 128GB NT03U185N-128G-20WH,USB 2.0,128 Гб,,https://komp.1k.by/storage-usbflashdrives/netac/Netac_U185_USB_20_128GB_NT03U185N_128G_20WH-4727207.html
USB Flash Drive Netac U505 USB 2.0 128GB NT03U505N-128G-20BK,USB 2.0,128 Гб,90 Мб/с,https://komp.1k.by/storage-usbflashdrives/netac/Netac_U505_USB_20_128GB_NT03U505N_128G_20BK-4727250.html
USB Flash Drive Netac U782C 128GB NT03U782C-128G-30PN,USB 3.2 Gen 1/Type-C,128 Гб,110 Мб/с,https://komp.1k.by/storage-usbflashdrives/netac/Netac_U782C_128GB_NT03U782C_128G_30PN-4727264.html
USB Flash Drive Netac U785C 32GB,USB 3.2 Gen 1/Type-C,32 Гб,,https://komp.1k.by/storage-usbflashdrives/netac/Netac_U785C_32GB-4727265.html
USB Flash Drive Netac UM2 USB2.0 32GB,USB 2.0,32 Гб,,https://komp.1k.by/storage-usbflashdrives/netac/Netac_UM2_USB20_32GB-4727268.html
USB Flash Drive Kingston DataTraveler 70 256GB,USB 3.1 Type-C,256 Гб,,https://komp.1k.by/storage-usbflashdrives/kingston/Kingston_DataTraveler_70_256GB-4786912.html
USB Flash Drive Netac U782C USB3.0+TypeC Dual 256GB,USB 3.2 Gen 1/Type-C,256 Гб,,https://komp.1k.by/storage-usbflashdrives/netac/Netac_U782C_USB30TypeC_Dual_256GB-4786913.html
USB Flash Drive Netac US5 256GB NT03US5C-256G-32TA,USB 3.2 Gen 2 Type-C,256 Гб,,https://komp.1k.by/storage-usbflashdrives/netac/Netac_US5_256GB_NT03US5C_256G_32TA-4786924.html
USB Flash Drive Netac US11 64GB NT03US11C-064G-32BK,USB 3.2 Gen 1/Type-C,64 Гб,,https://komp.1k.by/storage-usbflashdrives/netac/Netac_US11_64GB_NT03US11C_064G_32BK-4787001.html
USB Flash Drive Silicon Power ULTIMA II-I 8Gb,USB 2.0,8 Гб,,https://komp.1k.by/storage-usbflashdrives/siliconpower/Silicon_Power_ULTIMA_II_I_8Gb-148985.html
USB Flash Drive Silicon Power ULTIMA II-I 32Gb,USB 2.0,32 Гб,,https://komp.1k.by/storage-usbflashdrives/siliconpower/Silicon_Power_ULTIMA_II_I_32Gb-236251.html
USB Flash Drive Apacer Handy Steno AH326 8GB,USB 2.0,8 Гб,,https://komp.1k.by/storage-usbflashdrives/apacer/Apacer_Handy_Steno_AH326_8GB-283673.html
USB Flash Drive Silicon Power LuxMini 322 16Gb,USB 2.0,16 Гб,,https://komp.1k.by/storage-usbflashdrives/siliconpower/Silicon_Power_LuxMini_322_16Gb-364852.html
USB Flash Drive Silicon Power LuxMini 320 32Gb,USB 2.0,32 Гб,,https://komp.1k.by/storage-usbflashdrives/siliconpower/Silicon_Power_LuxMini_320_32Gb-364861.html
USB Flash Drive Silicon Power LuxMini 320 8Gb,USB 2.0,8 Гб,,https://komp.1k.by/storage-usbflashdrives/siliconpower/Silicon_Power_LuxMini_320_8Gb-365008.html
USB Flash Drive Silicon Power Helios 101 16Gb,USB 2.0,16 Гб,,https://komp.1k.by/storage-usbflashdrives/siliconpower/Silicon_Power_Helios_101_16Gb-367689.html
USB Flash Drive Transcend JetFlash 700 32Gb,USB 3.0,32 Гб,70 Мб/с,https://komp.1k.by/storage-usbflashdrives/transcend/Transcend_JetFlash_700_32Gb-531322.html
USB Flash Drive Silicon Power Marvel M01 32GB,USB 3.0,32 Гб,,https://komp.1k.by/storage-usbflashdrives/siliconpower/Silicon_Power_Marvel_M01_32GB-589457.html
USB Flash Drive Mirex HARBOR 32GB,USB 2.0,32 Гб,15 Мб/с,https://komp.1k.by/storage-usbflashdrives/mirex/Mirex_HARBOR_32GB-591112.html
USB Flash Drive Mirex SWIVEL 16GB,USB 2.0,16 Гб,12 Мб/с,https://komp.1k.by/storage-usbflashdrives/mirex/Mirex_SWIVEL_16GB-602987.html
USB Flash Drive Transcend JetFlash 350 64Gb,USB 2.0,64 Гб,,https://komp.1k.by/storage-usbflashdrives/transcend/Transcend_JetFlash_350_64Gb-617411.html
USB Flash Drive Transcend JetFlash 350 32Gb,USB 2.0,32 Гб,,https://komp.1k.by/storage-usbflashdrives/transcend/Transcend_JetFlash_350_32Gb-617412.html
USB Flash Drive Silicon Power Touch T01 8Gb,USB 2.0,8 Гб,,https://komp.1k.by/storage-usbflashdrives/siliconpower/Silicon_Power_Touch_T01_8Gb-621162.html
USB Flash Drive Mirex CHROMATIC 16GB,USB 2.0,16 Гб,15 Мб/с,https://komp.1k.by/storage-usbflashdrives/mirex/Mirex_CHROMATIC_16GB-635156.html
USB Flash Drive Transcend JetFlash 370 32Gb,USB 2.0,32 Гб,,https://komp.1k.by/storage-usbflashdrives/transcend/Transcend_JetFlash_370_32Gb-649442.html
USB Flash Drive Transcend JetFlash 780 8Gb,USB 3.0,8 Гб,100 Мб/с,https://komp.1k.by/storage-usbflashdrives/transcend/Transcend_JetFlash_780_8Gb-653349.html
USB Flash Drive Qumo Optiva OFD-02 16Gb,USB 2.0,16 Гб,,https://komp.1k.by/storage-usbflashdrives/qumo/Qumo_Optiva_OFD_02_16Gb-664210.html
USB Flash Drive Mirex KNIGHT 32GB,USB 2.0,32 Гб,12 Мб/с,https://komp.1k.by/storage-usbflashdrives/mirex/Mirex_KNIGHT_32GB-694637.html
USB Flash Drive Verbatim Store 'n' Go PinStripe 64GB,USB 2.0,64 Гб,10 Мб/с,https://komp.1k.by/storage-usbflashdrives/verbatim/Verbatim_Store_n_Go_PinStripe_64GB-694638.html
USB Flash Drive SmartBuy Crown 8GB,USB 2.0,8 Гб,,https://komp.1k.by/storage-usbflashdrives/smartbuy/SmartBuy_Crown_8GB-702823.html
USB Flash Drive SmartBuy Crown 4GB,USB 2.0,4 Гб,,https://komp.1k.by/storage-usbflashdrives/smartbuy/SmartBuy_Crown_4GB-702979.html
USB Flash Drive Verbatim Store 'n' Go V3 64GB,USB 3.0,64 Гб,80 Мб/с,https://komp.1k.by/storage-usbflashdrives/verbatim/Verbatim_Store_n_Go_V3_64GB-705738.html
USB Flash Drive Silicon Power Ultima U03 8GB,USB 2.0,8 Гб,,https://komp.1k.by/storage-usbflashdrives/siliconpower/Silicon_Power_Ultima_U03_8GB-718436.html
USB Flash Drive SmartBuy Click 64GB,USB 2.0,64 Гб,,https://komp.1k.by/storage-usbflashdrives/smartbuy/SmartBuy_Click_64GB-733983.html
USB Flash Drive Silicon Power Touch T01 32Gb,USB 2.0,32 Гб,,https://komp.1k.by/storage-usbflashdrives/siliconpower/Silicon_Power_Touch_T01_32Gb-755440.html
USB Flash Drive Transcend JetFlash 760 64Gb,USB 3.0,64 Гб,,https://komp.1k.by/storage-usbflashdrives/transcend/Transcend_JetFlash_760_64Gb-761923.html
USB Flash Drive Silicon Power Marvel M01 64GB,USB 3.0,64 Гб,,https://komp.1k.by/storage-usbflashdrives/siliconpower/Silicon_Power_Marvel_M01_64GB-778399.html
USB Flash Drive Mirex TURNING KNIFE 16GB,USB 2.0,16 Гб,,https://komp.1k.by/storage-usbflashdrives/mirex/Mirex_TURNING_KNIFE_16GB-778463.html
USB Flash Drive Transcend JetFlash 730 32Gb,USB 3.0,32 Гб,90 Мб/с,https://komp.1k.by/storage-usbflashdrives/transcend/Transcend_JetFlash_730_32Gb-787466.html
USB Flash Drive Mirex ROUND KEY 16GB,USB 2.0,16 Гб,,https://komp.1k.by/storage-usbflashdrives/mirex/Mirex_ROUND_KEY_16GB-810262.html
USB Flash Drive Mirex CORNER KEY 16GB,USB 2.0,16 Гб,,https://komp.1k.by/storage-usbflashdrives/mirex/Mirex_CORNER_KEY_16GB-810288.html
USB Flash Drive ADATA DashDrive UV128 64GB,USB 3.1,64 Гб,90 Мб/с,https://komp.1k.by/storage-usbflashdrives/adata/ADATA_DashDrive_UV128_64GB-814328.html
USB Flash Drive Mirex SHEEP 16GB,USB 2.0,16 Гб,,https://komp.1k.by/storage-usbflashdrives/mirex/Mirex_SHEEP_16GB-843921.html
USB Flash Drive ADATA DashDrive UV150 16GB,USB 3.0,16 Гб,90 Мб/с,https://komp.1k.by/storage-usbflashdrives/adata/ADATA_DashDrive_UV150_16GB-866775.html
USB Flash Drive Verbatim Store 'n' Go V3 128GB,USB 3.0,128 Гб,80 Мб/с,https://komp.1k.by/storage-usbflashdrives/verbatim/Verbatim_Store_n_Go_V3_128GB-911709.html
USB Flash Drive Sandisk Ultra USB 3.0 32Gb,USB 3.0,32 Гб,100 Мб/с,https://komp.1k.by/storage-usbflashdrives/sandisk/Sandisk_Ultra_USB_30_32Gb-930389.html
USB Flash Drive Transcend JetFlash 750 16Gb,USB 3.0,16 Гб,130 Мб/с,https://komp.1k.by/storage-usbflashdrives/transcend/Transcend_JetFlash_750_16Gb-1279075.html
USB Flash Drive Sandisk Ultra Dual USB Drive 32GB,USB 2.0/microUSB,32 Гб,,https://komp.1k.by/storage-usbflashdrives/sandisk/Sandisk_Ultra_Dual_USB_Drive_32GB-1279141.html
USB Flash Drive SmartBuy Dock 8GB,USB 2.0,8 Гб,,https://komp.1k.by/storage-usbflashdrives/smartbuy/SmartBuy_Dock_8GB-1279307.html
USB Flash Drive Qumo COSMOS 32Gb,USB 2.0,32 Гб,,https://komp.1k.by/storage-usbflashdrives/qumo/Qumo_COSMOS_32Gb-1279405.html
USB Flash Drive Qumo COSMOS 8Gb,USB 2.0,8 Гб,,https://komp.1k.by/storage-usbflashdrives/qumo/Qumo_COSMOS_8Gb-1279407.html
USB Flash Drive Apacer AH353 64GB,USB 3.1,,,https://komp.1k.by/storage-usbflashdrives/apacer/Apacer_AH353_64GB-1279787.html
USB Flash Drive ADATA DashDrive UV128 128GB,USB 3.1,128 Гб,90 Мб/с,https://komp.1k.by/storage-usbflashdrives/adata/ADATA_DashDrive_UV128_128GB-1709203.html
USB Flash Drive Sandisk Ultra Dual USB Drive 3.0 16GB,USB 3.0/microUSB,16 Гб,130 Мб/с,https://komp.1k.by/storage-usbflashdrives/sandisk/Sandisk_Ultra_Dual_USB_Drive_30_16GB-1796561.html
USB Flash Drive Kingston DataTraveler Micro 3.1 64GB,USB 3.1,64 Гб,100 Мб/с,https://komp.1k.by/storage-usbflashdrives/kingston/Kingston_DataTraveler_Micro_31_64GB-2195349.html
USB Flash Drive Sandisk Ultra Dual USB Drive 3.0 128GB,USB 3.0/microUSB,128 Гб,150 Мб/с,https://komp.1k.by/storage-usbflashdrives/sandisk/Sandisk_Ultra_Dual_USB_Drive_30_128GB-2444909.html
USB Flash Drive GoodRAM UTS2 64GB (UTS2-0640K0R11),USB 2.0,64 Гб,20 Мб/с,https://komp.1k.by/storage-usbflashdrives/goodram/GoodRAM_UTS2_64GB_UTS2_0640K0R11-3036967.html
USB Flash Drive Sandisk Extreme PRO 256GB (SDCZ880-256G-G46),USB 3.1,256 Гб,420 Мб/с,https://komp.1k.by/storage-usbflashdrives/sandisk/Sandisk_Extreme_PRO_256GB_SDCZ880_256G_G46-3040413.html
USB Flash Drive Transcend JetFlash 710S 32Gb,USB 3.0,32 Гб,90 Мб/с,https://komp.1k.by/storage-usbflashdrives/transcend/Transcend_JetFlash_710S_32Gb-3677767.html
USB Flash Drive SanDisk Ultra Dual Drive m3.0 256GB,USB 3.0/microUSB,256 Гб,,https://komp.1k.by/storage-usbflashdrives/sandisk/SanDisk_Ultra_Dual_Drive_m30_256GB-3678613.html
USB Flash Drive SanDisk Ultra Dual Drive USB Type-C 32GB,USB 3.1/USB Type-C,32 Гб,150 Мб/с,https://komp.1k.by/storage-usbflashdrives/sandisk/SanDisk_Ultra_Dual_Drive_USB_Type_C_32GB-3736331.html
USB Flash Drive Netac U352 USB 3.0 256GB,USB 3.0,256 Гб,,https://komp.1k.by/storage-usbflashdrives/netac/Netac_U352_USB_30_256GB-4257351.html
USB Flash Drive SanDisk Ultra Fit USB 3.1 512GB,USB 3.2 Gen 1,512 Гб,130 Мб/с,https://komp.1k.by/storage-usbflashdrives/sandisk/SanDisk_Ultra_Fit_USB_31_512GB-4488003.html
USB Flash Drive EXPLOYD 620 128GB,USB 2.0,128 Гб,20 Мб/с,https://komp.1k.by/storage-usbflashdrives/exployd/EXPLOYD_620_128GB-4488075.html
USB Flash Drive SanDisk Ultra Dual Drive Go Type-C 32GB,USB 3.1/USB Type-C,32 Гб,150 Мб/с,https://komp.1k.by/storage-usbflashdrives/sandisk/SanDisk_Ultra_Dual_Drive_Go_Type_C_32GB-4489148.html
USB Flash Drive Acer BL.9BWWA.526 64GB,USB 3.2 Gen 1,32 Гб,120 Мб/с,https://komp.1k.by/storage-usbflashdrives/acer/Acer_BL9BWWA526_64GB-4669650.html
USB Flash Drive Kingston DataTraveler Max Type-A (DTMAXA/1TB) 1TB,USB 3.2 Gen 2,1 024 Гб,1 000 Мб/с,https://komp.1k.by/storage-usbflashdrives/kingston/Kingston_DataTraveler_Max_Type_A_DTMAXA1TB_1TB-4669706.html
USB Flash Drive Kingston DataTraveler Max Type-C (DTMAX/512GB) 512GB,USB 3.2 Gen 2 Type-C,512 Гб,1 000 Мб/с,https://komp.1k.by/storage-usbflashdrives/kingston/Kingston_DataTraveler_Max_Type_C_DTMAX512GB_512GB-4669709.html
USB Flash Drive Hikvision HS-USB-M210P/128G/U3 128GB,USB 3.2 Gen 1,128 Гб,60 Мб/с,https://komp.1k.by/storage-usbflashdrives/hikvision/Hikvision_HS_USB_M210P128GU3_128GB-4727094.html
USB Flash Drive Kingston DataTraveler Exodia Onyx 128GB,USB 3.2 Gen 1,128 Гб,,https://komp.1k.by/storage-usbflashdrives/kingston/Kingston_DataTraveler_Exodia_Onyx_128GB-4727104.html
USB Flash Drive MAXVI MK 64GB,USB 2.0,64 Гб,,https://komp.1k.by/storage-usbflashdrives/maxvi/MAXVI_MK_64GB-4727113.html
USB Flash Drive Silicon Power LuxMini 320 16Gb,USB 2.0,16 Гб,,https://komp.1k.by/storage-usbflashdrives/siliconpower/Silicon_Power_LuxMini_320_16Gb-364854.html
USB Flash Drive Silicon Power Helios 101 8Gb,USB 2.0,8 Гб,,https://komp.1k.by/storage-usbflashdrives/siliconpower/Silicon_Power_Helios_101_8Gb-367750.html
USB Flash Drive Mirex SWIVEL RUBBER 8GB,USB 2.0,8 Гб,15 Мб/с,https://komp.1k.by/storage-usbflashdrives/mirex/Mirex_SWIVEL_RUBBER_8GB-607591.html
USB Flash Drive Mirex SWIVEL RUBBER 16GB,USB 2.0,16 Гб,15 Мб/с,https://komp.1k.by/storage-usbflashdrives/mirex/Mirex_SWIVEL_RUBBER_16GB-607643.html
USB Flash Drive Transcend JetFlash 350 16Gb,USB 2.0,16 Гб,,https://komp.1k.by/storage-usbflashdrives/transcend/Transcend_JetFlash_350_16Gb-617948.html
USB Flash Drive Mirex DRAGON 16GB,USB 2.0,16 Гб,,https://komp.1k.by/storage-usbflashdrives/mirex/Mirex_DRAGON_16GB-739672.html
USB Flash Drive SmartBuy Wild Series Catty 32GB,USB 2.0,32 Гб,20 Мб/с,https://komp.1k.by/storage-usbflashdrives/smartbuy/SmartBuy_Wild_Series_Catty_32GB-767197.html
USB Flash Drive SmartBuy Crown 128GB,USB 2.0,128 Гб,,https://komp.1k.by/storage-usbflashdrives/smartbuy/SmartBuy_Crown_128GB-770078.html
USB Flash Drive Mirex BOTTLE OPENER 16GB,USB 2.0,16 Гб,,https://komp.1k.by/storage-usbflashdrives/mirex/Mirex_BOTTLE_OPENER_16GB-778401.html
USB Flash Drive Silicon Power Helios 101 64Gb,USB 2.0,64 Гб,,https://komp.1k.by/storage-usbflashdrives/siliconpower/Silicon_Power_Helios_101_64Gb-778410.html
USB Flash Drive Mirex ARTON 32GB,USB 2.0,32 Гб,,https://komp.1k.by/storage-usbflashdrives/mirex/Mirex_ARTON_32GB-778441.html
USB Flash Drive Silicon Power Blaze B20 64GB,USB 3.0,64 Гб,,https://komp.1k.by/storage-usbflashdrives/siliconpower/Silicon_Power_Blaze_B20_64GB-843915.html
USB Flash Drive Mirex COW 16GB,USB 2.0,16 Гб,,https://komp.1k.by/storage-usbflashdrives/mirex/Mirex_COW_16GB-911707.html
USB Flash Drive Qumo COSMOS 16Gb,USB 2.0,16 Гб,,https://komp.1k.by/storage-usbflashdrives/qumo/Qumo_COSMOS_16Gb-1279403.html
USB Flash Drive SmartBuy Paean 32GB,USB 2.0,32 Гб,,https://komp.1k.by/storage-usbflashdrives/smartbuy/SmartBuy_Paean_32GB-1994861.html
USB Flash Drive GoodRAM UTS3 64GB,USB 3.0,64 Гб,110 Мб/с,https://komp.1k.by/storage-usbflashdrives/goodram/GoodRAM_UTS3_64GB-2718693.html
USB Flash Drive GoodRAM UMM3 64GB,USB 3.0,64 Гб,60 Мб/с,https://komp.1k.by/storage-usbflashdrives/goodram/GoodRAM_UMM3_64GB-3678705.html
USB Flash Drive SanDisk Dual Drive USB Type-C 128GB,USB 2.0/USB Type-C,128 Гб,,https://komp.1k.by/storage-usbflashdrives/sandisk/SanDisk_Dual_Drive_USB_Type_C_128GB-3680595.html
USB Flash Drive OltraMax 50 64GB,USB 2.0,64 Гб,,https://komp.1k.by/storage-usbflashdrives/oltramax/OltraMax_50_64GB-4182693.html
USB Flash Drive Silicon Power Blaze B32 32GB,USB 3.2 Gen 1,32 Гб,,https://komp.1k.by/storage-usbflashdrives/siliconpower/Silicon_Power_Blaze_B32_32GB-4488112.html
USB Flash Drive OltraMax 290 128GB,USB 2.0,128 Гб,20 Мб/с,https://komp.1k.by/storage-usbflashdrives/oltramax/OltraMax_290_128GB-4488210.html
USB Flash Drive Silicon Power Blaze B03 32GB,USB 3.2 Gen 1,32 Гб,,https://komp.1k.by/storage-usbflashdrives/siliconpower/Silicon_Power_Blaze_B03_32GB-4489153.html
USB Flash Drive Acer BL.9BWWA.559 128GB,USB 3.2 Gen 1,32 Гб,120 Мб/с,https://komp.1k.by/storage-usbflashdrives/acer/Acer_BL9BWWA559_128GB-4669653.html
USB Flash Drive Hikvision HS-USB-M200 USB3.0 128GB,USB 3.2 Gen 1,128 Гб,80 Мб/с,https://komp.1k.by/storage-usbflashdrives/hikvision/Hikvision_HS_USB_M200_USB30_128GB-4669668.html
USB Flash Drive Hoco UD8 128GB,USB 3.2 Gen 1 Type-C,128 Гб,100 Мб/с,https://komp.1k.by/storage-usbflashdrives/hoco/Hoco_UD8_128GB-4669956.html
USB Flash Drive Samsung USB-C 3.1 2022 128GB,USB 3.2 Gen 1 Type-C,128 Гб,400 Мб/с,https://komp.1k.by/storage-usbflashdrives/samsung/Samsung_USB_C_31_2022_128GB-4700294.html
USB Flash Drive Hikvision HS-USB-M210P/32G/U3 32GB,USB 3.2 Gen 1,32 Гб,60 Мб/с,https://komp.1k.by/storage-usbflashdrives/hikvision/Hikvision_HS_USB_M210P32GU3_32GB-4727096.html
USB Flash Drive Netac UM81 4GB,USB 2.0,4 Гб,,https://komp.1k.by/storage-usbflashdrives/netac/Netac_UM81_4GB-4727252.html
USB Flash Drive ADATA UR340 32GB,USB 3.2 Gen 1,32 Гб,100 Мб/с,https://komp.1k.by/storage-usbflashdrives/adata/ADATA_UR340_32GB-4902648.html
USB Flash Drive Mirex Color Blade Swivel 3.0 64GB,USB 3.2 Gen 2,64 Гб,,https://komp.1k.by/storage-usbflashdrives/mirex/Mirex_Color_Blade_Swivel_30_64GB-4902728.html
USB Flash Drive Netac UA31 USB2.0 8GB NT03UA31N-008G-20BL,USB 2.0,8 Гб,,https://komp.1k.by/storage-usbflashdrives/netac/Netac_UA31_USB20_8GB_NT03UA31N_008G_20BL-4902781.html
USB Flash Drive Sandisk Ultra 16Gb,USB 2.0,16 Гб,,https://komp.1k.by/storage-usbflashdrives/sandisk/Sandisk_Ultra_16Gb-552808.html
USB Flash Drive Silicon Power Marvel M01 16GB,USB 3.0,16 Гб,,https://komp.1k.by/storage-usbflashdrives/siliconpower/Silicon_Power_Marvel_M01_16GB-589455.html
USB Flash Drive Silicon Power Touch T01 16Gb,USB 2.0,16 Гб,,https://komp.1k.by/storage-usbflashdrives/siliconpower/Silicon_Power_Touch_T01_16Gb-621161.html
USB Flash Drive Qumo Optiva OFD-01 8Gb,USB 2.0,8 Гб,,https://komp.1k.by/storage-usbflashdrives/qumo/Qumo_Optiva_OFD_01_8Gb-664156.html
USB Flash Drive Qumo Optiva OFD-01 16Gb,USB 2.0,16 Гб,,https://komp.1k.by/storage-usbflashdrives/qumo/Qumo_Optiva_OFD_01_16Gb-664157.html
USB Flash Drive Qumo Optiva OFD-01 32Gb,USB 2.0,32 Гб,,https://komp.1k.by/storage-usbflashdrives/qumo/Qumo_Optiva_OFD_01_32Gb-664163.html
USB Flash Drive Qumo Optiva OFD-02 8Gb,USB 2.0,8 Гб,,https://komp.1k.by/storage-usbflashdrives/qumo/Qumo_Optiva_OFD_02_8Gb-664185.html
USB Flash Drive Qumo Optiva OFD-02 32Gb,USB 2.0,32 Гб,,https://komp.1k.by/storage-usbflashdrives/qumo/Qumo_Optiva_OFD_02_32Gb-664260.html
USB Flash Drive Qumo Optiva OFD-02 64Gb,USB 2.0,64 Гб,,https://komp.1k.by/storage-usbflashdrives/qumo/Qumo_Optiva_OFD_02_64Gb-746758.html
USB Flash Drive Qumo nanoDrive 16Gb,USB 2.0,16 Гб,,https://komp.1k.by/storage-usbflashdrives/qumo/Qumo_nanoDrive_16Gb-746761.html
USB Flash Drive Qumo nanoDrive 8Gb,USB 2.0,8 Гб,,https://komp.1k.by/storage-usbflashdrives/qumo/Qumo_nanoDrive_8Gb-746762.html
USB Flash Drive Qumo nanoDrive 32Gb,USB 2.0,32 Гб,,https://komp.1k.by/storage-usbflashdrives/qumo/Qumo_nanoDrive_32Gb-746763.html
USB Flash Drive Qumo Optiva OFD-01 64Gb,USB 2.0,64 Гб,,https://komp.1k.by/storage-usbflashdrives/qumo/Qumo_Optiva_OFD_01_64Gb-746764.html
USB Flash Drive Apacer AH111 32GB,USB 2.0,32 Гб,,https://komp.1k.by/storage-usbflashdrives/apacer/Apacer_AH111_32GB-911691.html
USB Flash Drive Sandisk Ultra USB 3.0 16Gb,USB 3.0,16 Гб,100 Мб/с,https://komp.1k.by/storage-usbflashdrives/sandisk/Sandisk_Ultra_USB_30_16Gb-930373.html
USB Flash Drive Mirex PIG 16GB,USB 2.0,16 Гб,,https://komp.1k.by/storage-usbflashdrives/mirex/Mirex_PIG_16GB-962149.html
USB Flash Drive OltraMax 30 64GB,USB 2.0,64 Гб,,https://komp.1k.by/storage-usbflashdrives/oltramax/OltraMax_30_64GB-1280021.html
USB Flash Drive OltraMax 30 16GB,USB 2.0,16 Гб,,https://komp.1k.by/storage-usbflashdrives/oltramax/OltraMax_30_16GB-1280025.html
USB Flash Drive OltraMax 30 8GB,USB 2.0,8 Гб,,https://komp.1k.by/storage-usbflashdrives/oltramax/OltraMax_30_8GB-1280027.html
USB Flash Drive EXPLOYD 530 32GB,USB 2.0,32 Гб,,https://komp.1k.by/storage-usbflashdrives/exployd/EXPLOYD_530_32GB-1280069.html
USB Flash Drive EXPLOYD 530 16GB,USB 2.0,16 Гб,,https://komp.1k.by/storage-usbflashdrives/exployd/EXPLOYD_530_16GB-1280071.html
USB Flash Drive Qumo Speedster 32Gb,USB 3.0,32 Гб,90 Мб/с,https://komp.1k.by/storage-usbflashdrives/qumo/Qumo_Speedster_32Gb-1280131.html
USB Flash Drive Qumo Speedster 64Gb,USB 3.0,64 Гб,90 Мб/с,https://komp.1k.by/storage-usbflashdrives/qumo/Qumo_Speedster_64Gb-1280135.html
USB Flash Drive Silicon Power Blaze B05 32GB,USB 3.0,32 Гб,,https://komp.1k.by/storage-usbflashdrives/siliconpower/Silicon_Power_Blaze_B05_32GB-1280375.html
USB Flash Drive Silicon Power Blaze B05 16GB,USB 3.0,16 Гб,,https://komp.1k.by/storage-usbflashdrives/siliconpower/Silicon_Power_Blaze_B05_16GB-1280377.html
USB Flash Drive SmartBuy Crown USB 3.0 32GB,USB 3.0,32 Гб,70 Мб/с,https://komp.1k.by/storage-usbflashdrives/smartbuy/SmartBuy_Crown_USB_30_32GB-1304949.html
USB Flash Drive Transcend JetFlash 590 64Gb,USB 2.0,64 Гб,,https://komp.1k.by/storage-usbflashdrives/transcend/Transcend_JetFlash_590_64Gb-1318967.html
USB Flash Drive Verbatim Store 'n' Go PinStripe 128GB,USB 2.0,128 Гб,10 Мб/с,https://komp.1k.by/storage-usbflashdrives/verbatim/Verbatim_Store_n_Go_PinStripe_128GB-1351335.html
USB Flash Drive Silicon Power Touch T01 64Gb,USB 2.0,64 Гб,,https://komp.1k.by/storage-usbflashdrives/siliconpower/Silicon_Power_Touch_T01_64Gb-1407391.html
USB Flash Drive Sandisk Ultra Fit USB 3.0 32GB,USB 3.0,32 Гб,130 Мб/с,https://komp.1k.by/storage-usbflashdrives/sandisk/Sandisk_Ultra_Fit_USB_30_32GB-1466393.html
USB Flash Drive Qumo nanoDrive 64Gb,USB 2.0,64 Гб,,https://komp.1k.by/storage-usbflashdrives/qumo/Qumo_nanoDrive_64Gb-1504505.html
USB Flash Drive Silicon Power Jewel J80 16GB,USB 3.0,16 Гб,,https://komp.1k.by/storage-usbflashdrives/siliconpower/Silicon_Power_Jewel_J80_16GB-1602837.html
USB Flash Drive Silicon Power Blaze B05 128GB,USB 3.0,128 Гб,,https://komp.1k.by/storage-usbflashdrives/siliconpower/Silicon_Power_Blaze_B05_128GB-1602851.html
USB Flash Drive Silicon Power Touch T08 32GB,USB 2.0,32 Гб,,https://komp.1k.by/storage-usbflashdrives/siliconpower/Silicon_Power_Touch_T08_32GB-1796811.html
USB Flash Drive Mirex CHROMATIC USB 3.0 32GB,USB 3.0,32 Гб,,https://komp.1k.by/storage-usbflashdrives/mirex/Mirex_CHROMATIC_USB_30_32GB-2034347.html
USB Flash Drive Sandisk Ultra Flair USB 3.0 16GB,USB 3.0,16 Гб,130 Мб/с,https://komp.1k.by/storage-usbflashdrives/sandisk/Sandisk_Ultra_Flair_USB_30_16GB-2331597.html
USB Flash Drive SmartBuy V-Cut USB 3.0 64GB,USB 3.0,64 Гб,,https://komp.1k.by/storage-usbflashdrives/smartbuy/SmartBuy_V_Cut_USB_30_64GB-2380933.html
USB Flash Drive SmartBuy Dark Blue 8GB,USB 3.0,8 Гб,,https://komp.1k.by/storage-usbflashdrives/smartbuy/SmartBuy_Dark_Blue_8GB-2395739.html
USB Flash Drive Silicon Power Blaze B02 32GB,USB 3.1,32 Гб,,https://komp.1k.by/storage-usbflashdrives/siliconpower/Silicon_Power_Blaze_B02_32GB-2426999.html
USB Flash Drive Silicon Power Blaze B02 8GB,USB 3.1,8 Гб,,https://komp.1k.by/storage-usbflashdrives/siliconpower/Silicon_Power_Blaze_B02_8GB-2427003.html
USB Flash Drive Silicon Power Ultima U02 8GB,USB 2.0,8 Гб,,https://komp.1k.by/storage-usbflashdrives/siliconpower/Silicon_Power_Ultima_U02_8GB-2427011.html
USB Flash Drive OltraMax 250 64GB,USB 2.0,64 Гб,15 Мб/с,https://komp.1k.by/storage-usbflashdrives/oltramax/OltraMax_250_64GB-2523035.html
USB Flash Drive OltraMax 250 32GB,USB 2.0,32 Гб,15 Мб/с,https://komp.1k.by/storage-usbflashdrives/oltramax/OltraMax_250_32GB-2523037.html
USB Flash Drive OltraMax 250 8GB,USB 2.0,8 Гб,15 Мб/с,https://komp.1k.by/storage-usbflashdrives/oltramax/OltraMax_250_8GB-2523041.html
USB Flash Drive OltraMax 240 64GB,USB 2.0,64 Гб,15 Мб/с,https://komp.1k.by/storage-usbflashdrives/oltramax/OltraMax_240_64GB-2523043.html
USB Flash Drive OltraMax 240 32GB,USB 2.0,32 Гб,15 Мб/с,https://komp.1k.by/storage-usbflashdrives/oltramax/OltraMax_240_32GB-2523045.html
USB Flash Drive OltraMax 240 16GB,USB 2.0,16 Гб,15 Мб/с,https://komp.1k.by/storage-usbflashdrives/oltramax/OltraMax_240_16GB-2523047.html
USB Flash Drive OltraMax 240 8GB,USB 2.0,8 Гб,15 Мб/с,https://komp.1k.by/storage-usbflashdrives/oltramax/OltraMax_240_8GB-2523049.html
USB Flash Drive OltraMax 230 64GB,USB 2.0,64 Гб,15 Мб/с,https://komp.1k.by/storage-usbflashdrives/oltramax/OltraMax_230_64GB-2523051.html
USB Flash Drive OltraMax 230 32GB,USB 2.0,32 Гб,15 Мб/с,https://komp.1k.by/storage-usbflashdrives/oltramax/OltraMax_230_32GB-2523053.html
USB Flash Drive OltraMax 230 8GB,USB 2.0,8 Гб,15 Мб/с,https://komp.1k.by/storage-usbflashdrives/oltramax/OltraMax_230_8GB-2523057.html
USB Flash Drive OltraMax 220 64GB,USB 2.0,64 Гб,15 Мб/с,https://komp.1k.by/storage-usbflashdrives/oltramax/OltraMax_220_64GB-2523061.html
USB Flash Drive OltraMax 220 32GB,USB 2.0,32 Гб,15 Мб/с,https://komp.1k.by/storage-usbflashdrives/oltramax/OltraMax_220_32GB-2523063.html
USB Flash Drive OltraMax 220 16GB,USB 2.0,16 Гб,15 Мб/с,https://komp.1k.by/storage-usbflashdrives/oltramax/OltraMax_220_16GB-2523065.html
USB Flash Drive OltraMax 220 8GB,USB 2.0,8 Гб,15 Мб/с,https://komp.1k.by/storage-usbflashdrives/oltramax/OltraMax_220_8GB-2523067.html
USB Flash Drive EXPLOYD 570 64GB,USB 2.0,64 Гб,15 Мб/с,https://komp.1k.by/storage-usbflashdrives/exployd/EXPLOYD_570_64GB-2523077.html
USB Flash Drive EXPLOYD 570 32GB,USB 2.0,32 Гб,15 Мб/с,https://komp.1k.by/storage-usbflashdrives/exployd/EXPLOYD_570_32GB-2523079.html
USB Flash Drive EXPLOYD 570 16GB,USB 2.0,16 Гб,15 Мб/с,https://komp.1k.by/storage-usbflashdrives/exployd/EXPLOYD_570_16GB-2523081.html
USB Flash Drive EXPLOYD 570 8GB,USB 2.0,8 Гб,15 Мб/с,https://komp.1k.by/storage-usbflashdrives/exployd/EXPLOYD_570_8GB-2523083.html
USB Flash Drive EXPLOYD 570 4GB,USB 2.0,4 Гб,15 Мб/с,https://komp.1k.by/storage-usbflashdrives/exployd/EXPLOYD_570_4GB-2523085.html
USB Flash Drive EXPLOYD 580 64GB,USB 2.0,64 Гб,15 Мб/с,https://komp.1k.by/storage-usbflashdrives/exployd/EXPLOYD_580_64GB-2523095.html
USB Flash Drive EXPLOYD 580 32GB,USB 2.0,32 Гб,15 Мб/с,https://komp.1k.by/storage-usbflashdrives/exployd/EXPLOYD_580_32GB-2523097.html
USB Flash Drive EXPLOYD 580 16GB,USB 2.0,16 Гб,15 Мб/с,https://komp.1k.by/storage-usbflashdrives/exployd/EXPLOYD_580_16GB-2523099.html
USB Flash Drive EXPLOYD 580 8GB,USB 2.0,8 Гб,15 Мб/с,https://komp.1k.by/storage-usbflashdrives/exployd/EXPLOYD_580_8GB-2523101.html
USB Flash Drive SmartBuy POKO 16GB (SB16GBPO-K),USB 2.0/microUSB,16 Гб,,https://komp.1k.by/storage-usbflashdrives/smartbuy/SmartBuy_POKO_16GB_SB16GBPO_K-2572463.html
USB Flash Drive Mirex Color Blade City 32GB (13600-FMUCYL32),USB 2.0,32 Гб,18 Мб/с,https://komp.1k.by/storage-usbflashdrives/mirex/Mirex_Color_Blade_City_32GB_13600_FMUCYL32-2975167.html
USB Flash Drive Mirex Color Blade City 16GB (13600-FMUCYL16),USB 2.0,16 Гб,18 Мб/с,https://komp.1k.by/storage-usbflashdrives/mirex/Mirex_Color_Blade_City_16GB_13600_FMUCYL16-3036939.html
USB Flash Drive SmartBuy Glossy USB 2.0 16GB,USB 2.0,16 Гб,,https://komp.1k.by/storage-usbflashdrives/smartbuy/SmartBuy_Glossy_USB_20_16GB-3677849.html
USB Flash Drive SmartBuy V-Cut USB 2.0 8GB,USB 2.0,8 Гб,,https://komp.1k.by/storage-usbflashdrives/smartbuy/SmartBuy_V_Cut_USB_20_8GB-3677955.html
USB Flash Drive SmartBuy V-Cut USB 2.0 16GB,USB 2.0,16 Гб,,https://komp.1k.by/storage-usbflashdrives/smartbuy/SmartBuy_V_Cut_USB_20_16GB-3677957.html
USB Flash Drive SmartBuy POKO 16GB,USB 2.0/microUSB,16 Гб,,https://komp.1k.by/storage-usbflashdrives/smartbuy/SmartBuy_POKO_16GB-3678073.html
USB Flash Drive SmartBuy Dock USB 3.0 16GB,USB 3.0,16 Гб,,https://komp.1k.by/storage-usbflashdrives/smartbuy/SmartBuy_Dock_USB_30_16GB-3678091.html
